<?xml version="1.0" encoding="UTF-8"?>
<!-- [START maps_http_places_queryautocomplete_pizza_fr_response] -->
<AutocompletionResponse>
 <status>OK</status>
 <prediction>
  <description>pizza à proximité de Paris, France</description>
  <term>
   <value>pizza</value>
   <offset>0</offset>
  </term>
  <term>
   <value>à proximité de</value>
   <offset>6</offset>
  </term>
  <term>
   <value>Paris</value>
   <offset>21</offset>
  </term>
  <term>
   <value>France</value>
   <offset>28</offset>
  </term>
  <matched_substring>
   <offset>0</offset>
   <length>5</length>
  </matched_substring>
  <matched_substring>
   <offset>21</offset>
   <length>3</length>
  </matched_substring>
  <structured_formatting>
   <description>pizza</description>
   <subdescription>à proximité de Paris, France</subdescription>
   <description_matched_substring>
    <offset>0</offset>
    <length>5</length>
   </description_matched_substring>
   <subdescription_matched_substring>
    <offset>15</offset>
    <length>3</length>
   </subdescription_matched_substring>
  </structured_formatting>
 </prediction>
 <prediction>
  <description>pizza à proximité de Parma, Parme, Italie</description>
  <term>
   <value>pizza</value>
   <offset>0</offset>
  </term>
  <term>
   <value>à proximité de</value>
   <offset>6</offset>
  </term>
  <term>
   <value>Parma</value>
   <offset>21</offset>
  </term>
  <term>
   <value>Parme</value>
   <offset>28</offset>
  </term>
  <term>
   <value>Italie</value>
   <offset>35</offset>
  </term>
  <matched_substring>
   <offset>0</offset>
   <length>5</length>
  </matched_substring>
  <matched_substring>
   <offset>21</offset>
   <length>3</length>
  </matched_substring>
  <structured_formatting>
   <description>pizza</description>
   <subdescription>à proximité de Parma, Parme, Italie</subdescription>
   <description_matched_substring>
    <offset>0</offset>
    <length>5</length>
   </description_matched_substring>
   <subdescription_matched_substring>
    <offset>15</offset>
    <length>3</length>
   </subdescription_matched_substring>
  </structured_formatting>
 </prediction>
 <prediction>
  <description>pizza à proximité de Park City, Utah, États-Unis</description>
  <term>
   <value>pizza</value>
   <offset>0</offset>
  </term>
  <term>
   <value>à proximité de</value>
   <offset>6</offset>
  </term>
  <term>
   <value>Park City</value>
   <offset>21</offset>
  </term>
  <term>
   <value>Utah</value>
   <offset>32</offset>
  </term>
  <term>
   <value>États-Unis</value>
   <offset>38</offset>
  </term>
  <matched_substring>
   <offset>0</offset>
   <length>5</length>
  </matched_substring>
  <matched_substring>
   <offset>21</offset>
   <length>3</length>
  </matched_substring>
  <structured_formatting>
   <description>pizza</description>
   <subdescription>à proximité de Park City, Utah, États-Unis</subdescription>
   <description_matched_substring>
    <offset>0</offset>
    <length>5</length>
   </description_matched_substring>
   <subdescription_matched_substring>
    <offset>15</offset>
    <length>3</length>
   </subdescription_matched_substring>
  </structured_formatting>
 </prediction>
 <prediction>
  <description>pizza à proximité de Parga, Grèce</description>
  <term>
   <value>pizza</value>
   <offset>0</offset>
  </term>
  <term>
   <value>à proximité de</value>
   <offset>6</offset>
  </term>
  <term>
   <value>Parga</value>
   <offset>21</offset>
  </term>
  <term>
   <value>Grèce</value>
   <offset>28</offset>
  </term>
  <matched_substring>
   <offset>0</offset>
   <length>5</length>
  </matched_substring>
  <matched_substring>
   <offset>21</offset>
   <length>3</length>
  </matched_substring>
  <structured_formatting>
   <description>pizza</description>
   <subdescription>à proximité de Parga, Grèce</subdescription>
   <description_matched_substring>
    <offset>0</offset>
    <length>5</length>
   </description_matched_substring>
   <subdescription_matched_substring>
    <offset>15</offset>
    <length>3</length>
   </subdescription_matched_substring>
  </structured_formatting>
 </prediction>
 <prediction>
  <description>pizza à proximité de Paraná, Province d'Entre Ríos, Argentine</description>
  <term>
   <value>pizza</value>
   <offset>0</offset>
  </term>
  <term>
   <value>à proximité de</value>
   <offset>6</offset>
  </term>
  <term>
   <value>Paraná</value>
   <offset>21</offset>
  </term>
  <term>
   <value>Province d'Entre Ríos</value>
   <offset>29</offset>
  </term>
  <term>
   <value>Argentine</value>
   <offset>52</offset>
  </term>
  <matched_substring>
   <offset>0</offset>
   <length>5</length>
  </matched_substring>
  <matched_substring>
   <offset>21</offset>
   <length>3</length>
  </matched_substring>
  <structured_formatting>
   <description>pizza</description>
   <subdescription>à proximité de Paraná, Province d'Entre Ríos, Argentine</subdescription>
   <description_matched_substring>
    <offset>0</offset>
    <length>5</length>
   </description_matched_substring>
   <subdescription_matched_substring>
    <offset>15</offset>
    <length>3</length>
   </subdescription_matched_substring>
  </structured_formatting>
 </prediction>
</AutocompletionResponse>
<!-- [END maps_http_places_queryautocomplete_pizza_fr_response] -->
