<?xml version="1.0" encoding="UTF-8"?>
<!-- [START maps_http_places_autocomplete_pt_br_response] -->
<AutocompletionResponse>
 <status>OK</status>
 <prediction>
  <description>Victoria, BC, Canadá</description>
  <type>locality</type>
  <type>political</type>
  <type>geocode</type>
  <reference>ChIJcWGw3Ytzj1QR7Ui7HnTz6Dg</reference>
  <term>
   <value>Victoria</value>
   <offset>0</offset>
  </term>
  <term>
   <value>BC</value>
   <offset>10</offset>
  </term>
  <term>
   <value>Canadá</value>
   <offset>14</offset>
  </term>
  <matched_substring>
   <offset>0</offset>
   <length>4</length>
  </matched_substring>
  <place_id>ChIJcWGw3Ytzj1QR7Ui7HnTz6Dg</place_id>
  <structured_formatting>
   <description>Victoria</description>
   <subdescription>BC, Canadá</subdescription>
   <description_matched_substring>
    <offset>0</offset>
    <length>4</length>
   </description_matched_substring>
  </structured_formatting>
 </prediction>
 <prediction>
  <description>Victorville, CA, EUA</description>
  <type>locality</type>
  <type>political</type>
  <type>geocode</type>
  <reference>ChIJedLdY1pkw4ARdjT0JVkRlQ0</reference>
  <term>
   <value>Victorville</value>
   <offset>0</offset>
  </term>
  <term>
   <value>CA</value>
   <offset>13</offset>
  </term>
  <term>
   <value>EUA</value>
   <offset>17</offset>
  </term>
  <matched_substring>
   <offset>0</offset>
   <length>4</length>
  </matched_substring>
  <place_id>ChIJedLdY1pkw4ARdjT0JVkRlQ0</place_id>
  <structured_formatting>
   <description>Victorville</description>
   <subdescription>CA, EUA</subdescription>
   <description_matched_substring>
    <offset>0</offset>
    <length>4</length>
   </description_matched_substring>
  </structured_formatting>
 </prediction>
 <prediction>
  <description>Victoria, TX, EUA</description>
  <type>locality</type>
  <type>political</type>
  <type>geocode</type>
  <reference>ChIJO6wtLttmQoYRfSZjb1YN4u4</reference>
  <term>
   <value>Victoria</value>
   <offset>0</offset>
  </term>
  <term>
   <value>TX</value>
   <offset>10</offset>
  </term>
  <term>
   <value>EUA</value>
   <offset>14</offset>
  </term>
  <matched_substring>
   <offset>0</offset>
   <length>4</length>
  </matched_substring>
  <place_id>ChIJO6wtLttmQoYRfSZjb1YN4u4</place_id>
  <structured_formatting>
   <description>Victoria</description>
   <subdescription>TX, EUA</subdescription>
   <description_matched_substring>
    <offset>0</offset>
    <length>4</length>
   </description_matched_substring>
  </structured_formatting>
 </prediction>
 <prediction>
  <description>Victoriaville, Quebec, Canadá</description>
  <type>locality</type>
  <type>political</type>
  <type>geocode</type>
  <reference>ChIJNykTamsBuEwRgDRNrq0MBAU</reference>
  <term>
   <value>Victoriaville</value>
   <offset>0</offset>
  </term>
  <term>
   <value>Quebec</value>
   <offset>15</offset>
  </term>
  <term>
   <value>Canadá</value>
   <offset>23</offset>
  </term>
  <matched_substring>
   <offset>0</offset>
   <length>4</length>
  </matched_substring>
  <place_id>ChIJNykTamsBuEwRgDRNrq0MBAU</place_id>
  <structured_formatting>
   <description>Victoriaville</description>
   <subdescription>Quebec, Canadá</subdescription>
   <description_matched_substring>
    <offset>0</offset>
    <length>4</length>
   </description_matched_substring>
  </structured_formatting>
 </prediction>
 <prediction>
  <description>Victor, ID, EUA</description>
  <type>locality</type>
  <type>political</type>
  <type>geocode</type>
  <reference>ChIJlVxRrqoKU1MRqnR-P5qmm24</reference>
  <term>
   <value>Victor</value>
   <offset>0</offset>
  </term>
  <term>
   <value>ID</value>
   <offset>8</offset>
  </term>
  <term>
   <value>EUA</value>
   <offset>12</offset>
  </term>
  <matched_substring>
   <offset>0</offset>
   <length>4</length>
  </matched_substring>
  <place_id>ChIJlVxRrqoKU1MRqnR-P5qmm24</place_id>
  <structured_formatting>
   <description>Victor</description>
   <subdescription>ID, EUA</subdescription>
   <description_matched_substring>
    <offset>0</offset>
    <length>4</length>
   </description_matched_substring>
  </structured_formatting>
 </prediction>
</AutocompletionResponse>
<!-- [END maps_http_places_autocomplete_pt_br_response] -->
