<?xml version="1.0" encoding="UTF-8"?>
<!-- [START maps_http_elevation_locations_multiple_response] -->
<ElevationResponse>
 <status>OK</status>
 <result>
  <location>
   <lat>39.7391536</lat>
   <lng>-104.9847034</lng>
  </location>
  <elevation>1608.6379395</elevation>
  <resolution>4.7719760</resolution>
 </result>
 <result>
  <location>
   <lat>36.4555560</lat>
   <lng>-116.8666670</lng>
  </location>
  <elevation>-52.7949257</elevation>
  <resolution>19.0879040</resolution>
 </result>
</ElevationResponse>
<!-- [END maps_http_elevation_locations_multiple_response] -->
