<?xml version="1.0" encoding="UTF-8"?>
<!-- [START maps_http_places_queryautocomplete_location_weighted_response] -->
<AutocompletionResponse>
 <status>OK</status>
 <prediction>
  <description>market near Barcelona, Spain</description>
  <term>
   <value>market</value>
   <offset>0</offset>
  </term>
  <term>
   <value>near</value>
   <offset>7</offset>
  </term>
  <term>
   <value>Barcelona</value>
   <offset>12</offset>
  </term>
  <term>
   <value>Spain</value>
   <offset>23</offset>
  </term>
  <matched_substring>
   <offset>0</offset>
   <length>6</length>
  </matched_substring>
  <matched_substring>
   <offset>12</offset>
   <length>9</length>
  </matched_substring>
  <structured_formatting>
   <description>market</description>
   <subdescription>near Barcelona, Spain</subdescription>
   <description_matched_substring>
    <offset>0</offset>
    <length>6</length>
   </description_matched_substring>
   <subdescription_matched_substring>
    <offset>5</offset>
    <length>9</length>
   </subdescription_matched_substring>
  </structured_formatting>
 </prediction>
 <prediction>
  <description>market near Barcelona Harbor Beach, 1st Street, Westfield, NY, USA</description>
  <term>
   <value>market</value>
   <offset>0</offset>
  </term>
  <term>
   <value>near</value>
   <offset>7</offset>
  </term>
  <term>
   <value>Barcelona Harbor Beach</value>
   <offset>12</offset>
  </term>
  <term>
   <value>1st Street</value>
   <offset>36</offset>
  </term>
  <term>
   <value>Westfield</value>
   <offset>48</offset>
  </term>
  <term>
   <value>NY</value>
   <offset>59</offset>
  </term>
  <term>
   <value>USA</value>
   <offset>63</offset>
  </term>
  <matched_substring>
   <offset>0</offset>
   <length>6</length>
  </matched_substring>
  <matched_substring>
   <offset>12</offset>
   <length>9</length>
  </matched_substring>
  <structured_formatting>
   <description>market</description>
   <subdescription>near Barcelona Harbor Beach, 1st Street, Westfield, NY, USA</subdescription>
   <description_matched_substring>
    <offset>0</offset>
    <length>6</length>
   </description_matched_substring>
   <subdescription_matched_substring>
    <offset>5</offset>
    <length>9</length>
   </subdescription_matched_substring>
  </structured_formatting>
 </prediction>
 <prediction>
  <description>market near Barcelona Avenue, Salem, MA, USA</description>
  <term>
   <value>market</value>
   <offset>0</offset>
  </term>
  <term>
   <value>near</value>
   <offset>7</offset>
  </term>
  <term>
   <value>Barcelona Avenue</value>
   <offset>12</offset>
  </term>
  <term>
   <value>Salem</value>
   <offset>30</offset>
  </term>
  <term>
   <value>MA</value>
   <offset>37</offset>
  </term>
  <term>
   <value>USA</value>
   <offset>41</offset>
  </term>
  <matched_substring>
   <offset>0</offset>
   <length>6</length>
  </matched_substring>
  <matched_substring>
   <offset>12</offset>
   <length>9</length>
  </matched_substring>
  <structured_formatting>
   <description>market</description>
   <subdescription>near Barcelona Avenue, Salem, MA, USA</subdescription>
   <description_matched_substring>
    <offset>0</offset>
    <length>6</length>
   </description_matched_substring>
   <subdescription_matched_substring>
    <offset>5</offset>
    <length>9</length>
   </subdescription_matched_substring>
  </structured_formatting>
 </prediction>
 <prediction>
  <description>market near Barcelona Point, Northwest Harbor, NY, USA</description>
  <term>
   <value>market</value>
   <offset>0</offset>
  </term>
  <term>
   <value>near</value>
   <offset>7</offset>
  </term>
  <term>
   <value>Barcelona Point</value>
   <offset>12</offset>
  </term>
  <term>
   <value>Northwest Harbor</value>
   <offset>29</offset>
  </term>
  <term>
   <value>NY</value>
   <offset>47</offset>
  </term>
  <term>
   <value>USA</value>
   <offset>51</offset>
  </term>
  <matched_substring>
   <offset>0</offset>
   <length>6</length>
  </matched_substring>
  <matched_substring>
   <offset>12</offset>
   <length>9</length>
  </matched_substring>
  <structured_formatting>
   <description>market</description>
   <subdescription>near Barcelona Point, Northwest Harbor, NY, USA</subdescription>
   <description_matched_substring>
    <offset>0</offset>
    <length>6</length>
   </description_matched_substring>
   <subdescription_matched_substring>
    <offset>5</offset>
    <length>9</length>
   </subdescription_matched_substring>
  </structured_formatting>
 </prediction>
 <prediction>
  <description>market near Barcelona, Westfield, NY, USA</description>
  <term>
   <value>market</value>
   <offset>0</offset>
  </term>
  <term>
   <value>near</value>
   <offset>7</offset>
  </term>
  <term>
   <value>Barcelona</value>
   <offset>12</offset>
  </term>
  <term>
   <value>Westfield</value>
   <offset>23</offset>
  </term>
  <term>
   <value>NY</value>
   <offset>34</offset>
  </term>
  <term>
   <value>USA</value>
   <offset>38</offset>
  </term>
  <matched_substring>
   <offset>0</offset>
   <length>6</length>
  </matched_substring>
  <matched_substring>
   <offset>12</offset>
   <length>9</length>
  </matched_substring>
  <structured_formatting>
   <description>market</description>
   <subdescription>near Barcelona, Westfield, NY, USA</subdescription>
   <description_matched_substring>
    <offset>0</offset>
    <length>6</length>
   </description_matched_substring>
   <subdescription_matched_substring>
    <offset>5</offset>
    <length>9</length>
   </subdescription_matched_substring>
  </structured_formatting>
 </prediction>
</AutocompletionResponse>
<!-- [END maps_http_places_queryautocomplete_location_weighted_response] -->
