<?xml version="1.0" encoding="UTF-8"?>
<!-- [START maps_http_geocode_postcode_localities_response] -->
<GeocodeResponse>
 <status>OK</status>
 <result>
  <type>postal_code</type>
  <formatted_address>Oakland, CA 94608, USA</formatted_address>
  <address_component>
   <long_name>94608</long_name>
   <short_name>94608</short_name>
   <type>postal_code</type>
  </address_component>
  <address_component>
   <long_name>Oakland</long_name>
   <short_name>Oakland</short_name>
   <type>locality</type>
   <type>political</type>
  </address_component>
  <address_component>
   <long_name>Alameda County</long_name>
   <short_name>Alameda County</short_name>
   <type>administrative_area_level_2</type>
   <type>political</type>
  </address_component>
  <address_component>
   <long_name>California</long_name>
   <short_name>CA</short_name>
   <type>administrative_area_level_1</type>
   <type>political</type>
  </address_component>
  <address_component>
   <long_name>United States</long_name>
   <short_name>US</short_name>
   <type>country</type>
   <type>political</type>
  </address_component>
  <geometry>
   <location>
    <lat>37.8379590</lat>
    <lng>-122.2824021</lng>
   </location>
   <location_type>APPROXIMATE</location_type>
   <viewport>
    <southwest>
     <lat>37.8171169</lat>
     <lng>-122.3202479</lng>
    </southwest>
    <northeast>
     <lat>37.8507260</lat>
     <lng>-122.2671690</lng>
    </northeast>
   </viewport>
   <bounds>
    <southwest>
     <lat>37.8171169</lat>
     <lng>-122.3202479</lng>
    </southwest>
    <northeast>
     <lat>37.8507260</lat>
     <lng>-122.2671690</lng>
    </northeast>
   </bounds>
  </geometry>
  <postcode_locality>Emeryville</postcode_locality>
  <postcode_locality>Oakland</postcode_locality>
  <place_id>ChIJj4VwQUJ-hYARW-kxrTBdc-g</place_id>
 </result>
</GeocodeResponse>
<!-- [END maps_http_geocode_postcode_localities_response] -->
