<?xml version="1.0" encoding="UTF-8"?>
<!-- [START maps_http_places_findplacefromtext_mca_response] -->
<FindPlaceFromTextResponse>
 <candidates>
  <name>Museum of Contemporary Art Australia</name>
  <formatted_address>140 George St, The Rocks NSW 2000, Australia</formatted_address>
  <geometry>
   <location>
    <lat>-33.8599358</lat>
    <lng>151.2090295</lng>
   </location>
   <viewport>
    <southwest>
     <lat>-33.8609434</lat>
     <lng>151.2077390</lng>
    </southwest>
    <northeast>
     <lat>-33.8582438</lat>
     <lng>151.2104387</lng>
    </northeast>
   </viewport>
  </geometry>
  <rating>4.4</rating>
 </candidates>
 <status>OK</status>
</FindPlaceFromTextResponse>
<!-- [END maps_http_places_findplacefromtext_mca_response] -->
