<?xml version="1.0" encoding="UTF-8"?>
<!-- [START maps_http_places_autocomplete_paris_response] -->
<AutocompletionResponse>
 <status>OK</status>
 <prediction>
  <description>Paris, France</description>
  <type>locality</type>
  <type>political</type>
  <type>geocode</type>
  <reference>ChIJD7fiBh9u5kcRYJSMaMOCCwQ</reference>
  <term>
   <value>Paris</value>
   <offset>0</offset>
  </term>
  <term>
   <value>France</value>
   <offset>7</offset>
  </term>
  <matched_substring>
   <offset>0</offset>
   <length>5</length>
  </matched_substring>
  <place_id>ChIJD7fiBh9u5kcRYJSMaMOCCwQ</place_id>
  <structured_formatting>
   <description>Paris</description>
   <subdescription>France</subdescription>
   <description_matched_substring>
    <offset>0</offset>
    <length>5</length>
   </description_matched_substring>
  </structured_formatting>
 </prediction>
 <prediction>
  <description>Paris, TX, USA</description>
  <type>locality</type>
  <type>political</type>
  <type>geocode</type>
  <reference>ChIJmysnFgZYSoYRSfPTL2YJuck</reference>
  <term>
   <value>Paris</value>
   <offset>0</offset>
  </term>
  <term>
   <value>TX</value>
   <offset>7</offset>
  </term>
  <term>
   <value>USA</value>
   <offset>11</offset>
  </term>
  <matched_substring>
   <offset>0</offset>
   <length>5</length>
  </matched_substring>
  <place_id>ChIJmysnFgZYSoYRSfPTL2YJuck</place_id>
  <structured_formatting>
   <description>Paris</description>
   <subdescription>TX, USA</subdescription>
   <description_matched_substring>
    <offset>0</offset>
    <length>5</length>
   </description_matched_substring>
  </structured_formatting>
 </prediction>
 <prediction>
  <description>Paris, Brant, ON, Canada</description>
  <type>neighborhood</type>
  <type>political</type>
  <type>geocode</type>
  <reference>ChIJsamfQbVtLIgR-X18G75Hyi0</reference>
  <term>
   <value>Paris</value>
   <offset>0</offset>
  </term>
  <term>
   <value>Brant</value>
   <offset>7</offset>
  </term>
  <term>
   <value>ON</value>
   <offset>14</offset>
  </term>
  <term>
   <value>Canada</value>
   <offset>18</offset>
  </term>
  <matched_substring>
   <offset>0</offset>
   <length>5</length>
  </matched_substring>
  <place_id>ChIJsamfQbVtLIgR-X18G75Hyi0</place_id>
  <structured_formatting>
   <description>Paris</description>
   <subdescription>Brant, ON, Canada</subdescription>
   <description_matched_substring>
    <offset>0</offset>
    <length>5</length>
   </description_matched_substring>
  </structured_formatting>
 </prediction>
 <prediction>
  <description>Paris, TN, USA</description>
  <type>locality</type>
  <type>political</type>
  <type>geocode</type>
  <reference>ChIJ4zHP-Sije4gRBDEsVxunOWg</reference>
  <term>
   <value>Paris</value>
   <offset>0</offset>
  </term>
  <term>
   <value>TN</value>
   <offset>7</offset>
  </term>
  <term>
   <value>USA</value>
   <offset>11</offset>
  </term>
  <matched_substring>
   <offset>0</offset>
   <length>5</length>
  </matched_substring>
  <place_id>ChIJ4zHP-Sije4gRBDEsVxunOWg</place_id>
  <structured_formatting>
   <description>Paris</description>
   <subdescription>TN, USA</subdescription>
   <description_matched_substring>
    <offset>0</offset>
    <length>5</length>
   </description_matched_substring>
  </structured_formatting>
 </prediction>
 <prediction>
  <description>Paris, AR, USA</description>
  <type>locality</type>
  <type>political</type>
  <type>geocode</type>
  <reference>ChIJFRt9mkF5zIcRdsZ3XM8ZyHE</reference>
  <term>
   <value>Paris</value>
   <offset>0</offset>
  </term>
  <term>
   <value>AR</value>
   <offset>7</offset>
  </term>
  <term>
   <value>USA</value>
   <offset>11</offset>
  </term>
  <matched_substring>
   <offset>0</offset>
   <length>5</length>
  </matched_substring>
  <place_id>ChIJFRt9mkF5zIcRdsZ3XM8ZyHE</place_id>
  <structured_formatting>
   <description>Paris</description>
   <subdescription>AR, USA</subdescription>
   <description_matched_substring>
    <offset>0</offset>
    <length>5</length>
   </description_matched_substring>
  </structured_formatting>
 </prediction>
</AutocompletionResponse>
<!-- [END maps_http_places_autocomplete_paris_response] -->
