<?xml version="1.0" encoding="UTF-8"?>
<!-- [START maps_http_directions_region_toledo_es_response] -->
<DirectionsResponse>
 <status>OK</status>
 <route>
  <summary>A-42</summary>
  <leg>
   <step>
    <travel_mode>DRIVING</travel_mode>
    <start_location>
     <lat>39.8628080</lat>
     <lng>-4.0273727</lng>
    </start_location>
    <end_location>
     <lat>39.8681019</lat>
     <lng>-4.0293783</lng>
    </end_location>
    <polyline>
     <points>quhrF`rqWCBQJUJm@PQFg@Ni@JeBh@}@XaD|@{@Vk@Ns@RUFoA^u@R_AXwA`@WHMBG@C?E?GAC?IC</points>
    </polyline>
    <duration>
     <value>101</value>
     <text>2 mins</text>
    </duration>
    <html_instructions>Head &lt;b&gt;northwest&lt;/b&gt; on &lt;b&gt;Av. de la Reconquista&lt;/b&gt; toward &lt;b&gt;C. de la Diputación&lt;/b&gt;</html_instructions>
    <distance>
     <value>615</value>
     <text>0.6 km</text>
    </distance>
   </step>
   <step>
    <travel_mode>DRIVING</travel_mode>
    <start_location>
     <lat>39.8681019</lat>
     <lng>-4.0293783</lng>
    </start_location>
    <end_location>
     <lat>39.8675297</lat>
     <lng>-4.0275807</lng>
    </end_location>
    <polyline>
     <points>svirFr~qW?AAEAEACACACCCACF_@H[FQNi@j@cB`@qAHW</points>
    </polyline>
    <duration>
     <value>24</value>
     <text>1 min</text>
    </duration>
    <html_instructions>At the roundabout, take the &lt;b&gt;1st&lt;/b&gt; exit onto &lt;b&gt;C. Duque de Lerma&lt;/b&gt;</html_instructions>
    <distance>
     <value>174</value>
     <text>0.2 km</text>
    </distance>
    <maneuver>roundabout-right</maneuver>
   </step>
   <step>
    <travel_mode>DRIVING</travel_mode>
    <start_location>
     <lat>39.8675297</lat>
     <lng>-4.0275807</lng>
    </start_location>
    <end_location>
     <lat>39.8688577</lat>
     <lng>-4.0215350</lng>
    </end_location>
    <polyline>
     <points>asirFjsqW@?@??A@?@A@A@?DI@C@C@A@C@C@CDS?A@O?G@G?GAKAA?AAAAA?CAAA?AAAAAAA?AAA?A?AAA?A?A?C@A?A?A@A@A??@A@CBQMIIEEACISCIIWEQEMI[Oi@?CYy@@E?K?A?A?AAA?A?AA??A?AAAAA?AA??AA??AA?A??AA?A?A?A?UcAOi@Mi@Mk@I]AMCOAQAQCWCgA?k@EuCCaCA{@?O</points>
    </polyline>
    <duration>
     <value>91</value>
     <text>2 mins</text>
    </duration>
    <html_instructions>At the roundabout, take the &lt;b&gt;3rd&lt;/b&gt; exit onto &lt;b&gt;Av. Gral. Villalba&lt;/b&gt;&lt;div style=&quot;font-size:0.9em&quot;&gt;Go through 1 roundabout&lt;/div&gt;</html_instructions>
    <distance>
     <value>594</value>
     <text>0.6 km</text>
    </distance>
    <maneuver>roundabout-right</maneuver>
   </step>
   <step>
    <travel_mode>DRIVING</travel_mode>
    <start_location>
     <lat>39.8688577</lat>
     <lng>-4.0215350</lng>
    </start_location>
    <end_location>
     <lat>39.8700417</lat>
     <lng>-4.0208568</lng>
    </end_location>
    <polyline>
     <points>k{irFrmpW@A@A@A@A@A?A@A@A?A@A?A@A?C?A@A?C?C?C?A?CAC?AAC?AAAACAAA??AAAAAC?AAA?A?A?A?AAA@A?A?A?]W_@U{@a@o@YGACAKBE@A@A@EDCFAH?F?H</points>
    </polyline>
    <duration>
     <value>29</value>
     <text>1 min</text>
    </duration>
    <html_instructions>At the roundabout, take the &lt;b&gt;3rd&lt;/b&gt; exit onto &lt;b&gt;Av. de Madrid&lt;/b&gt;</html_instructions>
    <distance>
     <value>198</value>
     <text>0.2 km</text>
    </distance>
    <maneuver>roundabout-right</maneuver>
   </step>
   <step>
    <travel_mode>DRIVING</travel_mode>
    <start_location>
     <lat>39.8700417</lat>
     <lng>-4.0208568</lng>
    </start_location>
    <end_location>
     <lat>39.8737356</lat>
     <lng>-4.0207605</lng>
    </end_location>
    <polyline>
     <points>wbjrFjipWEFCBABC@E@E@G?M?a@Aq@CsBCK?s@As@CcCE{@?{AEo@AGAOECAMA</points>
    </polyline>
    <duration>
     <value>56</value>
     <text>1 min</text>
    </duration>
    <html_instructions>Turn &lt;b&gt;right&lt;/b&gt; to stay on &lt;b&gt;Av. de Madrid&lt;/b&gt;</html_instructions>
    <distance>
     <value>415</value>
     <text>0.4 km</text>
    </distance>
    <maneuver>turn-right</maneuver>
   </step>
   <step>
    <travel_mode>DRIVING</travel_mode>
    <start_location>
     <lat>39.8737356</lat>
     <lng>-4.0207605</lng>
    </start_location>
    <end_location>
     <lat>39.8830007</lat>
     <lng>-4.0190202</lng>
    </end_location>
    <polyline>
     <points>{yjrFvhpW?C?CAC?AACAAACAAAACAAAAACAC?A?AAA@C?A?A?A@A?C@A?A@C@A@ABA@AB?@ABE?A?KDGDG@I@KBgACoCEQEW?[A[AgAAu@CiBEi@EKCyAMiAM[G_@I[Mk@S_@Qa@Qa@OQGKEICICYGIAIAKAQCUCO?Q?OAS?]?Q?g@@EAG?GAG?IAIAGCKAYI[KCAo@WmAe@q@SMCiAS_@B</points>
    </polyline>
    <duration>
     <value>63</value>
     <text>1 min</text>
    </duration>
    <html_instructions>At the roundabout, take the &lt;b&gt;2nd&lt;/b&gt; exit onto the &lt;b&gt;A-42&lt;/b&gt; ramp to &lt;b&gt;Madrid&lt;/b&gt;</html_instructions>
    <distance>
     <value>1065</value>
     <text>1.1 km</text>
    </distance>
    <maneuver>roundabout-right</maneuver>
   </step>
   <step>
    <travel_mode>DRIVING</travel_mode>
    <start_location>
     <lat>39.8830007</lat>
     <lng>-4.0190202</lng>
    </start_location>
    <end_location>
     <lat>40.0333486</lat>
     <lng>-3.9256659</lng>
    </end_location>
    <polyline>
     <points>wslrFz}oWKA]C[CS?UA[@u@@kBFaBFsBBS@c@?kA?uCAY?eACS?I?{@ESCK?QCKASAGAMAIC_@Ea@GUE_AQSEOC[G]I]I[I]I]I[I_@KGAGCYGMCUG[I_@Ka@KuBg@]Im@Ok@Mu@OiAUKAMCA?iAQaAM{@MWCUEi@K[GSEOCwA[s@Qu@So@Oc@Ke@KKC_@Io@Qu@Q]ISGMC]I[GoBe@_Cm@kAYyA]i@QaBc@CA_A[oDyAy@]mAe@yD}Aw@]qCgAaAe@u@_@_@S}@i@_Ao@UOIEa@Ye@Ye@WOIu@]o@Wa@OYMsBu@YK[McC}@iE_BYMwDwAOGKESGsHsCgE}AWKg@QeC_AqIaDgC}@gC_AoBu@oAe@{Ak@qCeAeBq@cE{AmCcAkAc@QGQG[MmAe@_Bm@qAg@_A]a@MeA]}@SICsAYw@M}B]cCa@a@G}@OaGaAwASg@KOE[Ge@MICe@M{@YMEGA[M[KyAe@GCQEoAc@c@OwAc@_DeAo@SeA]eAYk@OA?s@Mg@Ia@Iq@ImBYaB_@UGEC}@Yu@YMEg@Uk@Wo@YSMQIo@a@{@g@_@Wg@[mCmBaAs@oA}@]UmAu@q@[e@U{@e@SMKIQKGCGESKoDgCgGmEwCuBKI{AcAYQe@Um@WgAc@IE}@Y_Be@oBm@_Bc@e@OaAYo@Su@Wc@Uq@_@EAe@Yg@[iDwBWQOKOK]UuBqA}AcAeBiAwCoBUOUMGGqA{@i@_@_@Y[WYUYWYWe@a@eB}Ae@_@c@[]WYQm@_@UOc@W_@SCA[QKGMGk@Y}@c@q@]yAs@UMIE_@UWO]S]WcAq@k@c@a@]QKc@][WUQ]Yo@g@}AkAiCgBcC_BgCcBa@WSKg@]g@[MKKE_Am@OKiAq@uBoAm@]qAy@w@g@y@i@gAu@w@i@iCkB}B}AYSCAEE}B{A}AcAeAq@w@i@IGIG_BcAwA}@oKaHmUgOaMeIq@c@e@[ECKG_C}AmCeBmCeBcC_BiBkAmAy@wBuAwGkEkBmAQK_BeASMgAs@yDgCy@i@s@c@ECIGs@e@iCaBoAw@i@_@OKIEYQqAw@kBcAOIm@YKG[OSKICoB}@y@[uAg@u@YyAe@y@U]KgAYs@SwAY{@QICc@GOCwAU{@MwAQ{@IwAOa@C_AG{@Ee@AYA]A]A]?_@A]?y@?M?c@?}@@G?s@@M?Q@Y@K?W@e@@}@DSBM?O@aCPcAHmAJQ@[BWBy@Fu@FC?[BC@]B[@a@BYB]@c@By@BW@u@BcA?]?]?_@A]A]Ca@A[C]E[C]E_@E]G]G[G_@I]I]I[K_@KYKYK_@M[OYK]Q[O[QYO[SYQYQ[SYSYUWS[WWUYWUUWYWWWYWYUYUYU]UYU]S[U]S]Q]S]S_@Q_@Q]Qa@Q_@O_@Oa@Q_@Wq@GQMa@Qe@]cAM_@K_@Qg@M_@K]?C[cA[iAK_@Og@W}@EKACIYEK?CSq@k@mBi@iBK_@Oe@Og@e@aBi@kB[eAi@iBeAqDi@eBMc@}@uCm@oBSq@Ww@Wu@Us@M]Wq@[}@a@iAa@_AeAcCSe@c@_Ac@aA_AoB}@kBg@}@c@}@c@w@Ua@S[S]S]e@y@U]e@u@W_@QWk@{@_AsAk@u@OUW[W]MOIKOS[_@_AkAMMa@e@UWY[UWCEQQWY_@a@e@e@WWCCSQYYq@o@USWWYYYUEEcB{Au@m@wBgBOMgA{@AAm@g@m@e@k@c@eAy@o@i@YU[UYUkByA{CaCkByA</points>
    </polyline>
    <duration>
     <value>641</value>
     <text>11 mins</text>
    </duration>
    <html_instructions>Merge onto &lt;b&gt;A-42&lt;/b&gt;</html_instructions>
    <distance>
     <value>19159</value>
     <text>19.2 km</text>
    </distance>
    <maneuver>merge</maneuver>
   </step>
   <step>
    <travel_mode>DRIVING</travel_mode>
    <start_location>
     <lat>40.0333486</lat>
     <lng>-3.9256659</lng>
    </start_location>
    <end_location>
     <lat>40.3957623</lat>
     <lng>-3.7039499</lng>
    </end_location>
    <polyline>
     <points>m_jsFlv}ViEkDkFcEsAgAk@c@qB_BIGKI_BoAIIg@_@{E{DgA{@oCwBw@o@m@e@oAaAu@m@yAkA]W?A]Wo@g@aF}Dq@i@oAcAWSQMAAMKWUq@g@mJuHo@g@q@i@eG}Ea@[a@]mCuBg@c@[UWSo@i@YSWUOMKIWSWUYSQMKKKG][WSWQWUo@e@YWWSYUUSYSi@c@YUYU}@u@}@s@WSWS[WKKWSUQSQs@g@_@[q@i@m@g@u@k@m@g@w@m@o@i@g@a@OKMMw@m@cBsAoDqCk@e@m@g@c@a@MKm@k@y@u@KIgAiA{A{AeBkBwCyCoBqBkAoAWWkBmBcAeAWWgAiAmAoAeAgA{@}@s@w@USa@a@w@y@e@g@u@w@QQ_@]KMKKoAqAaBeB}A_BGIAA}@_A_BaByA}AgAiAeAeACCk@q@SUS[U[Ua@Wc@Q_@Ui@Se@Qg@Og@K_@Me@Ki@Ie@EWMw@Gk@UoBSeBYmCMiAMeA[qCYmCIu@YyBE[UmBc@_EIy@_AeIK}@c@cE]sCa@sDAK]wCK_AQqASuBGc@yAuMk@cFCSE]?A?AACASAG?GCMESW_CAISkBUwB?CIi@MgAGa@Kq@WqA_@gBOm@_@gA_@iAc@iAISAASe@CIg@aAi@aAw@sA_@k@i@u@W[EEY_@OOs@w@i@k@c@_@e@a@SOm@c@[Uq@c@a@S_@SUMuAo@uBcA_@Qq@[wMoGYMOIwAq@_LiFCCkEsByGaDuFmC_CgAeFgCq@_@sAu@iBcAgC_B_@W}@k@uBuAgCaBc@YWQa@WCC]UgDuBcBiAq@a@cBiAGCOK_@UWQQKc@YwDeCuA}@u@e@]UCCaCiBu@k@[YQQw@s@kAmA[]SUw@_Aq@}@o@}@U[g@w@i@_Ae@y@o@iA]o@_CwE[m@uA_C{A{Bi@s@UYCC}@aAe@g@EEk@k@w@s@YWu@q@iA_AmA{@iAw@sAy@iCsAu@[qAs@}CcAaCq@aCk@w@OkEiAcEeAUGSGcAUqCq@eDy@aDy@cLwCoBi@aG{A]IqA]sD{@EAu@Sg@Mi@O]KsCq@qA]e@MkBe@yEoAu@SgBi@sCaAMEaBk@uAe@y@Y{@YGA{@[CAyBs@SGaBm@yDoAeBo@i@QyCaAUIcBq@yAm@uB{@wFeCqAi@aBq@w@Y[KqBs@[KuAc@sBm@gAWiCm@wAYs@M_AOWEa@GSCQCYCUGqAQk@G{@K_@GyAY}A[}A]a@K_Be@ECy@WaA_@c@OSI[K_A]mDsAgDoAA?_@OkEaBmAe@uAi@}As@iB}@y@e@g@Wg@WoCiAsBw@eAa@m@UgBq@m@Sy@[yCiAkAc@aA_@q@WwAg@uBy@}@[oAc@mA_@EAu@SQEmAY{@Sk@Oq@Sa@Mi@SEAaC}@qAe@uAi@A?kBq@wAk@kAi@cCmAi@Ww@]wAo@cBs@aC}@aC_ASGsCeAsCeAeBo@]KmAe@_@O{FuBgDoASIkHkCiAa@mCcAYK]M{EgB}B{@]MmFoBWKYK_FiBKECAOGkCaAqDsA}FwBGCWK_@MUIgAc@aDkA]MA?]Mi@SGCMEMEYMcE{AsAi@kAa@oAg@EA_@Qi@Sw@_@c@UOIGEQKKIOIc@[e@_@i@e@OOUUa@c@Y]i@q@U]e@w@IOGMKO[m@Yq@Ui@Uk@Qg@KWSm@o@mBk@eB}@oCgBoFeD_K_@gAqDcLKYIWSk@{@mCk@aBk@cBKUEIKUSc@KU_@o@U]Y_@[a@]a@e@e@YWWSWUSMA?[SKGk@Yk@Uc@Qm@Mg@KEAk@Gq@IaAE_A@W@{@Di@Ds@JA?E@oAR_APc@Fu@N}@NyAX{AV{@N{AXyAV{AXyB^uCf@sDn@{AXq@Lu@N}B^YFoAPkANs@BC@u@?m@CWAMAM?_AIw@Mk@MEAw@Ua@OOGc@QKGg@Uo@a@SO}@q@CCq@i@a@[aHsFeEeDm@g@o@i@q@i@g@_@_@YSOCCOKIGEEWQGEUQIEWWq@i@iCoB_BcAaB{@aBq@_A]]MqA_@{@SQEOCA?}@Oc@IE?A?QCmAM{@Gy@GA?_@CeFWkCOkBIyBKgBKyOy@G?MAYAgAIUA}DScCOa@C{BS}BYuB[yAY_Ce@yBg@}D_A{Cs@m@Mo@OoEeA}@UuCo@wCs@EAICMCYGiBa@eLiC}HiBmBc@_Bc@cAYm@Uu@[CA{@a@c@Ua@Ua@YYQIG_@[g@c@][c@c@WYSW_@c@S[W_@S[S[O[U_@O]Q[M]O[M_@Sg@M_@K_@M_@GS]sAMk@Q{@Kg@SeAI_@O{@SkAu@kEc@eCe@iCSiA]kBWkA[kAOm@Y{@?AQi@_@{@e@aAuAgC{@mAsA{Aw@y@uAgAm@a@w@a@KGeBs@AA[KsAe@{Bo@GCc@Ma@KYIOEYIuCaA[M_@Qi@Uk@Yi@Yi@[}A}@MI_@UoAu@e@YqC_BsBmAUMeDqB{@g@i@[uCeB_@UaDmBgEeC_@U_Ak@_@Ue@Yy@e@iGsDeBcAs@c@i@]e@Ue@[IEiF}C_DkBwA{@SKmBiAuCeBGEyA{@MIcDmBmBiAaBaA}FiDaBaAi@]u@c@_@UeAo@uEoCcBaAwA}@sAw@yA{@aBaAaCwAcEcCu@a@OKeAq@iC_ByCaB_CuA{Aw@gB_AaDcBy@e@cB_AmEiCmBiA[SWO{A}@mDuBsAw@CA]Ua@UiC{Ac@W[Qy@a@w@]]Og@Ma@Ig@K]EOAa@C_@Ak@?c@Bw@Fc@DW@aAPkB^sJxAoInAcBX{@JiCb@_@FyJ|AqFx@eG`Am@Je@Fa@Fk@Jm@FsAHk@Bq@Am@Ak@Cs@Ia@IYI]K[Mi@YYSWOa@Yq@k@m@g@}@u@g@a@eByA}BkB{@s@MKc@]_Aw@}OsMaBsAuBcB]Y{AoA_@Yy@s@KG?AWSsBeBeCsBwBeBwAmA}BmBuBiBsAiAgByAa@_@wBeBcBuAII_Aw@g@_@e@_@{AqAk@g@g@_@mAcAk@c@g@[c@Uc@Sm@S[I]I[G_@Ec@CCA_@AGAuDEgEWaBKgCOe@EyAIgAIs@Go@CkCQq@E{BIgAEa@A[AMAM?oBIs@EOAu@EGAI?s@G{@EoAIgAII?aBKm@Ee@Cy@IWAYCyCSC?WCcAEKAC?OAsBOYCWAuDWIAMAE?u@G{@GKAuCWmIu@kAKc@EKA_AIm@GiAOiAOu@IgBSo@G_AIwAKqAIq@Ei@EsAIcAImCO{CUmCQSAWA}CSo@Eo@EaBMMA_BKSAiEYw@Gg@CcAIwIm@A?IAIAmDS?AsBMI?{@Gk@EcAGsAKWAgBMQAk@Eg@Eg@E_@A_@CGA[CYAKAoAGq@AYCY?oAGoCK]?q@EUAiBIWCkAG}BMmF[aAGm@EkBMMAK?}DWSAq@Ec@EKAC?a@CIAG?E?iAIaAGEA_CMs@EsAKWAkAIKAe@CcCOGA{BMgDSeBMe@E_@EI?QCYAa@AWAQ?M?MAK?KAOA[CYCy@KUEMAKAKC[E_B_@oAWYG{Co@q@MMEA?s@QYIWIq@[m@]EAa@W]S]WWYMO[[gAiAcAeAUWEEUUUWa@c@UWQQcAeAg@k@mAoAIKGG_@c@SSw@}@QSa@k@e@w@e@y@q@cBm@mBs@eCe@_BWy@[eA_@qAg@cBM_@M[O_@O_@Sc@IOAAS_@QWGKOWMOMQW[SWSSKIIG{BqBQQMKCCAAA?SQSS_Ay@u@q@_@]CAAACCCCi@e@KKYWAAs@k@[Y][a@_@WUm@g@</points>
    </polyline>
    <duration>
     <value>1799</value>
     <text>30 mins</text>
    </duration>
    <html_instructions>Keep &lt;b&gt;left&lt;/b&gt; to stay on &lt;b&gt;A-42&lt;/b&gt;</html_instructions>
    <distance>
     <value>47071</value>
     <text>47.1 km</text>
    </distance>
    <maneuver>keep-left</maneuver>
   </step>
   <step>
    <travel_mode>DRIVING</travel_mode>
    <start_location>
     <lat>40.3957623</lat>
     <lng>-3.7039499</lng>
    </start_location>
    <end_location>
     <lat>40.4001319</lat>
     <lng>-3.7183967</lng>
    </end_location>
    <polyline>
     <points>oxpuFtlrUIWEGGIEGAGEOAKAA?EAI?G@G?A?IBK@IBI?ADIDIDKJOHKLKHIJGDAFEDAFADADAP@H@BB@?HDDBFFBB@D@BBFBF@H?L?N@b@EHGFUd@Ud@CHg@tAQr@EPGTGRMj@?@Id@S`A?l@?TETETEVCNADMl@q@rDKf@ENMj@ABg@pBCJ?@Oh@Oh@Mh@Oh@Mh@A@Of@Qj@Yx@Yr@s@hB]n@CFQ^CDCDEFEJEJ{BfDwA~BMPINQXEHQ\CFOd@Qj@AB]fCIl@EREVIl@Ij@SzAEPER?j@@\?HDn@@`@Fz@DlAFlA</points>
    </polyline>
    <duration>
     <value>111</value>
     <text>2 mins</text>
    </duration>
    <html_instructions>Take exit &lt;b&gt;2A&lt;/b&gt; to merge onto &lt;b&gt;M-30&lt;/b&gt; toward &lt;b&gt;A-5&lt;/b&gt;/&lt;wbr/&gt;&lt;b&gt;Badajoz&lt;/b&gt;/&lt;wbr/&gt;&lt;b&gt;A-6&lt;/b&gt;</html_instructions>
    <distance>
     <value>1693</value>
     <text>1.7 km</text>
    </distance>
    <maneuver>ramp-right</maneuver>
   </step>
   <step>
    <travel_mode>DRIVING</travel_mode>
    <start_location>
     <lat>40.4001319</lat>
     <lng>-3.7183967</lng>
    </start_location>
    <end_location>
     <lat>40.4026657</lat>
     <lng>-3.7219427</lng>
    </end_location>
    <polyline>
     <points>ysquF~fuU?\@T?H@V?V?HAd@?@Cj@Gf@G\GVAFCFIZCFA@K`@Sr@s@EWEMEC?KEECc@DO@O@C@UFE@IBUJa@ZWZKNMPGFMZIPUx@EDMPY`@</points>
    </polyline>
    <duration>
     <value>38</value>
     <text>1 min</text>
    </duration>
    <html_instructions>Keep &lt;b&gt;left&lt;/b&gt; to stay on &lt;b&gt;M-30&lt;/b&gt;</html_instructions>
    <distance>
     <value>487</value>
     <text>0.5 km</text>
    </distance>
    <maneuver>keep-left</maneuver>
   </step>
   <step>
    <travel_mode>DRIVING</travel_mode>
    <start_location>
     <lat>40.4026657</lat>
     <lng>-3.7219427</lng>
    </start_location>
    <end_location>
     <lat>40.4087686</lat>
     <lng>-3.7214006</lng>
    </end_location>
    <polyline>
     <points>ucruFb}uUkA\YDK?a@DYBc@BA?aAHi@FW@e@Du@BQ?c@?i@C]AC?KASCc@Gi@Kc@KYGECk@OoA_@q@UYKICy@UMEo@Iw@EyAA</points>
    </polyline>
    <duration>
     <value>42</value>
     <text>1 min</text>
    </duration>
    <html_instructions>Keep &lt;b&gt;left&lt;/b&gt; to stay on &lt;b&gt;M-30&lt;/b&gt;</html_instructions>
    <distance>
     <value>692</value>
     <text>0.7 km</text>
    </distance>
    <maneuver>keep-left</maneuver>
   </step>
   <step>
    <travel_mode>DRIVING</travel_mode>
    <start_location>
     <lat>40.4087686</lat>
     <lng>-3.7214006</lng>
    </start_location>
    <end_location>
     <lat>40.4110837</lat>
     <lng>-3.7213530</lng>
    </end_location>
    <polyline>
     <points>yisuFvyuUm@QMAk@BQ?Q@A?a@@A?S@M?[?aABG?{@@A?U?G@S?M?UG</points>
    </polyline>
    <duration>
     <value>27</value>
     <text>1 min</text>
    </duration>
    <html_instructions>Take exit &lt;b&gt;17&lt;/b&gt; toward &lt;b&gt;Pᵒ V. del Puerto&lt;/b&gt;/&lt;wbr/&gt;&lt;b&gt;C/&lt;wbr/&gt; Segovia&lt;/b&gt;</html_instructions>
    <distance>
     <value>259</value>
     <text>0.3 km</text>
    </distance>
    <maneuver>ramp-right</maneuver>
   </step>
   <step>
    <travel_mode>DRIVING</travel_mode>
    <start_location>
     <lat>40.4110837</lat>
     <lng>-3.7213530</lng>
    </start_location>
    <end_location>
     <lat>40.4139789</lat>
     <lng>-3.7209563</lng>
    </end_location>
    <polyline>
     <points>gxsuFlyuUkAAIAu@Co@Ew@GUCk@GGAmBSUAsAKm@G</points>
    </polyline>
    <duration>
     <value>66</value>
     <text>1 min</text>
    </duration>
    <html_instructions>Merge onto &lt;b&gt;P.º de la Virgen del Puerto&lt;/b&gt;</html_instructions>
    <distance>
     <value>324</value>
     <text>0.3 km</text>
    </distance>
    <maneuver>merge</maneuver>
   </step>
   <step>
    <travel_mode>DRIVING</travel_mode>
    <start_location>
     <lat>40.4139789</lat>
     <lng>-3.7209563</lng>
    </start_location>
    <end_location>
     <lat>40.4138980</lat>
     <lng>-3.7119377</lng>
    </end_location>
    <polyline>
     <points>kjtuF~vuUBu@?m@@_D?q@@kB@y@?e@?a@@{A@iC?C?e@?k@?mA?E?S@e@?}A?]?q@?u@?mC?i@?K?_@?M?O?C?G?]?I?W?_A?}A?M@c@?IAQ</points>
    </polyline>
    <duration>
     <value>115</value>
     <text>2 mins</text>
    </duration>
    <html_instructions>Turn &lt;b&gt;right&lt;/b&gt; onto &lt;b&gt;C. de Segovia&lt;/b&gt;</html_instructions>
    <distance>
     <value>764</value>
     <text>0.8 km</text>
    </distance>
    <maneuver>turn-right</maneuver>
   </step>
   <step>
    <travel_mode>DRIVING</travel_mode>
    <start_location>
     <lat>40.4138980</lat>
     <lng>-3.7119377</lng>
    </start_location>
    <end_location>
     <lat>40.4144408</lat>
     <lng>-3.7125434</lng>
    </end_location>
    <polyline>
     <points>{ituFr~sUS?W?A?A?A@ERGZCHEREPELAD?@A@A@A?A@A?A?CAAAAA</points>
    </polyline>
    <duration>
     <value>25</value>
     <text>1 min</text>
    </duration>
    <html_instructions>Turn &lt;b&gt;left&lt;/b&gt; onto &lt;b&gt;C. de la Villa&lt;/b&gt;</html_instructions>
    <distance>
     <value>95</value>
     <text>0.1 km</text>
    </distance>
    <maneuver>turn-left</maneuver>
   </step>
   <step>
    <travel_mode>DRIVING</travel_mode>
    <start_location>
     <lat>40.4144408</lat>
     <lng>-3.7125434</lng>
    </start_location>
    <end_location>
     <lat>40.4149910</lat>
     <lng>-3.7122205</lng>
    </end_location>
    <polyline>
     <points>gmtuFjbtUEKCECCCCACEAC?iALEm@</points>
    </polyline>
    <duration>
     <value>21</value>
     <text>1 min</text>
    </duration>
    <html_instructions>&lt;b&gt;C. de la Villa&lt;/b&gt; turns &lt;b&gt;right&lt;/b&gt; and becomes &lt;b&gt;C. del Pretil de los Consejos&lt;/b&gt;</html_instructions>
    <distance>
     <value>84</value>
     <text>84 m</text>
    </distance>
   </step>
   <step>
    <travel_mode>DRIVING</travel_mode>
    <start_location>
     <lat>40.4149910</lat>
     <lng>-3.7122205</lng>
    </start_location>
    <end_location>
     <lat>40.4152243</lat>
     <lng>-3.7122597</lng>
    </end_location>
    <polyline>
     <points>uptuFj`tUm@F</points>
    </polyline>
    <duration>
     <value>7</value>
     <text>1 min</text>
    </duration>
    <html_instructions>Turn &lt;b&gt;left&lt;/b&gt; onto &lt;b&gt;C. del Sacramento&lt;/b&gt;</html_instructions>
    <distance>
     <value>26</value>
     <text>26 m</text>
    </distance>
    <maneuver>turn-left</maneuver>
   </step>
   <step>
    <travel_mode>DRIVING</travel_mode>
    <start_location>
     <lat>40.4152243</lat>
     <lng>-3.7122597</lng>
    </start_location>
    <end_location>
     <lat>40.4165207</lat>
     <lng>-3.7050760</lng>
    </end_location>
    <polyline>
     <points>crtuFr`tUCMIaACYAOE]C[AAI{@?CSiBGk@ESE[UuAESAGCKIg@EWIm@Ge@?GIe@Ga@Ge@AC?IAG?CGo@Ek@Gq@Ek@?ICSEs@CYOiBCa@QkC</points>
    </polyline>
    <duration>
     <value>175</value>
     <text>3 mins</text>
    </duration>
    <html_instructions>Turn &lt;b&gt;right&lt;/b&gt; onto &lt;b&gt;C. Mayor&lt;/b&gt;</html_instructions>
    <distance>
     <value>626</value>
     <text>0.6 km</text>
    </distance>
    <maneuver>turn-right</maneuver>
   </step>
   <duration>
    <value>3431</value>
    <text>57 mins</text>
   </duration>
   <distance>
    <value>74341</value>
    <text>74.3 km</text>
   </distance>
   <start_location>
    <lat>39.8628080</lat>
    <lng>-4.0273727</lng>
   </start_location>
   <end_location>
    <lat>40.4165207</lat>
    <lng>-3.7050760</lng>
   </end_location>
   <start_address>Toledo, Spain</start_address>
   <end_address>Madrid, Spain</end_address>
  </leg>
  <copyrights>Map data ©2021 Inst. Geogr. Nacional</copyrights>
  <overview_polyline>
   <points>quhrF`rqWcHzBaNzDeG~A][?k@lA{Dr@mBR]HmA[WQDWE[g@mAeE?]QOeAcE[kFEiJHOEo@{@_@kCqA]@Ol@q@T{NUcDOQKOUi@@QPe@NuFKmJY_Fm@iCeAaCq@wCKkBE}FoBcCUcBIwOXoJOsC]}KcCuHkBsIyAkHqA_ImB_LmCqHmBmHuCiRcIkG{Dk\gMueAs`@aLeEaFoA{IuA{OqCqGsByPoFmLuBaHmCiLwHoJyFqSwNiEcCoFiBwH{B{DaBsIoFwQqL_IwGiGaEoHsDcG{DuH_GiPuKsMaI_NiJudAoq@iu@if@aJ}FqIuEqNgFmIiBgH_AuFa@qGIaPh@cPhAeIDqFg@kFqA_FyBsEaD}DcEgDeFoC_GiGoR{ImZmHaVuFuNkIsPgE}GqMqP{LoLi]oX}cA}x@qp@{h@sP{MgXwTq|@g~@qGuHoCiHuBoPqCiVaMghAqBoQkAmGsBiGmEiIsFkGmGeEokA}j@eUoN}NoJsKaHuJuHsDaE_DoE}CsF{CeGqD{FaCsCoCmCgFeE}IaFoFwBcG}A}MgDgi@aNoMcDwJcCkOoEcKkDiVgIsXcLwIqC}ImBaHcAaFu@}HkBcMsEuKaEkJaEyG_DoIaDoSwHsLiDyMuEoQ{HgXaKyv@kYyd@{PkMyEsGuCgEgD_EwFcEqK_Rck@yEyM{AcCyBaCeEcC_Cm@_FUiI`A_QzCaZhFiFl@_CCsCYkCu@mF_DkYcUsGaFaE_CaDoA}DgA{Eo@oVqAoWuA_N{@mMuBu]eI}_@{I_IwByCuAqFiEoDeFeC{F_C}J_FyX}AaGwAiDqCuEkCuCgEsCaLuDkJkDue@_Yml@u]wn@e_@gYsP_ZqPsd@_X_DeAwBWgDHiFx@yr@rK{J|AyE`@_EQuBm@}BwAeEkDq_@c[uIeHgh@{b@}F}E{CiBkE{@eLa@iJk@oQ_AgTkAuXiBs`@sDqPqAuV_Bqg@iDuSsAaa@kBqTuA{k@uDkMiC}Aa@}BeAuB}AuD{DuE_FeGyG_DaG_DmKsD{KeBoCwL_LuHwGi@wADaAx@sA|@a@|@\L`ACl@]l@sAxDc@fB]vCwApI}ApGyBvHoChGiGzJ[n@aA|EiAtH^|J@~Co@|DMb@Sr@s@Ee@KOEiADi@N{ArAm@fAcArBsCh@_Hd@aDK_IqB}Ae@oEWyBOw@B{EF{FSgK_ALg]@_Q?cE@m@UQ]@WlAUl@QQMQIAiALEm@q@EM{AMkAmAoJq@uEqAsOQkC</points>
  </overview_polyline>
  <bounds>
   <southwest>
    <lat>39.8628080</lat>
    <lng>-4.0294068</lng>
   </southwest>
   <northeast>
    <lat>40.4165207</lat>
    <lng>-3.7025932</lng>
   </northeast>
  </bounds>
 </route>
 <geocoded_waypoint>
  <geocoder_status>OK</geocoder_status>
  <type>locality</type>
  <type>political</type>
  <place_id>ChIJ8f21C60Lag0R_q11auhbf8Y</place_id>
 </geocoded_waypoint>
 <geocoded_waypoint>
  <geocoder_status>OK</geocoder_status>
  <type>locality</type>
  <type>political</type>
  <place_id>ChIJgTwKgJcpQg0RaSKMYcHeNsQ</place_id>
 </geocoded_waypoint>
</DirectionsResponse>
<!-- [END maps_http_directions_region_toledo_es_response] -->
