<?xml version="1.0" encoding="UTF-8"?>
<!-- [START maps_http_directions_brooklyn_queens_transit_departure_time_response] -->
<DirectionsResponse>
 <status>ZERO_RESULTS</status>
 <available_travel_mode>DRIVING</available_travel_mode>
 <available_travel_mode>WALKING</available_travel_mode>
 <available_travel_mode>BICYCLING</available_travel_mode>
 <geocoded_waypoint>
  <geocoder_status>OK</geocoder_status>
  <type>political</type>
  <type>sublocality</type>
  <type>sublocality_level_1</type>
  <place_id>ChIJCSF8lBZEwokRhngABHRcdoI</place_id>
 </geocoded_waypoint>
 <geocoded_waypoint>
  <geocoder_status>OK</geocoder_status>
  <type>political</type>
  <type>sublocality</type>
  <type>sublocality_level_1</type>
  <place_id>ChIJK1kKR2lDwokRBXtcbIvRCUE</place_id>
 </geocoded_waypoint>
</DirectionsResponse>
<!-- [END maps_http_directions_brooklyn_queens_transit_departure_time_response] -->
