<?xml version="1.0" encoding="UTF-8"?>
<!-- [START maps_http_directions_disneyland_response] -->
<DirectionsResponse>
 <status>OK</status>
 <route>
  <summary>I-5 N and US-101 N</summary>
  <leg>
   <step>
    <travel_mode>DRIVING</travel_mode>
    <start_location>
     <lat>33.8160897</lat>
     <lng>-117.9225226</lng>
    </start_location>
    <end_location>
     <lat>33.8160679</lat>
     <lng>-117.9225314</lng>
    </end_location>
    <polyline>
     <points>qukmEvvvnUB@</points>
    </polyline>
    <duration>
     <value>0</value>
     <text>1 min</text>
    </duration>
    <html_instructions>Head &lt;b&gt;southwest&lt;/b&gt;</html_instructions>
    <distance>
     <value>3</value>
     <text>10 ft</text>
    </distance>
   </step>
   <step>
    <travel_mode>DRIVING</travel_mode>
    <start_location>
     <lat>33.8160679</lat>
     <lng>-117.9225314</lng>
    </start_location>
    <end_location>
     <lat>33.8155820</lat>
     <lng>-117.9240573</lng>
    </end_location>
    <polyline>
     <points>mukmExvvnUZPLJLLBBFJFLHPBPBL@N?L?J@l@?p@?j@</points>
    </polyline>
    <duration>
     <value>17</value>
     <text>1 min</text>
    </duration>
    <html_instructions>Keep &lt;b&gt;right&lt;/b&gt;</html_instructions>
    <distance>
     <value>164</value>
     <text>0.1 mi</text>
    </distance>
    <maneuver>keep-right</maneuver>
   </step>
   <step>
    <travel_mode>DRIVING</travel_mode>
    <start_location>
     <lat>33.8155820</lat>
     <lng>-117.9240573</lng>
    </start_location>
    <end_location>
     <lat>33.8162780</lat>
     <lng>-117.9242395</lng>
    </end_location>
    <polyline>
     <points>krkmEj`wnUOF?F?DABABCBC?C@A?C?eB?</points>
    </polyline>
    <duration>
     <value>22</value>
     <text>1 min</text>
    </duration>
    <html_instructions>Turn &lt;b&gt;right&lt;/b&gt; toward &lt;b&gt;Southwest Pl&lt;/b&gt;/&lt;wbr/&gt;&lt;b&gt;West Pl&lt;/b&gt;&lt;div style=&quot;font-size:0.9em&quot;&gt;Partial restricted usage road&lt;/div&gt;</html_instructions>
    <distance>
     <value>88</value>
     <text>289 ft</text>
    </distance>
    <maneuver>turn-right</maneuver>
   </step>
   <step>
    <travel_mode>DRIVING</travel_mode>
    <start_location>
     <lat>33.8162780</lat>
     <lng>-117.9242395</lng>
    </start_location>
    <end_location>
     <lat>33.8179984</lat>
     <lng>-117.9240946</lng>
    </end_location>
    <polyline>
     <points>wvkmEnawnUEe@O?[BI?C?MEY?c@@E?G?EBKDk@?Q?_@?mAA</points>
    </polyline>
    <duration>
     <value>86</value>
     <text>1 min</text>
    </duration>
    <html_instructions>Turn &lt;b&gt;right&lt;/b&gt; onto &lt;b&gt;Southwest Pl&lt;/b&gt;/&lt;wbr/&gt;&lt;b&gt;West Pl&lt;/b&gt;&lt;div style=&quot;font-size:0.9em&quot;&gt;Partial restricted usage road&lt;/div&gt;</html_instructions>
    <distance>
     <value>207</value>
     <text>0.1 mi</text>
    </distance>
    <maneuver>turn-right</maneuver>
   </step>
   <step>
    <travel_mode>DRIVING</travel_mode>
    <start_location>
     <lat>33.8179984</lat>
     <lng>-117.9240946</lng>
    </start_location>
    <end_location>
     <lat>33.8179846</lat>
     <lng>-117.9223305</lng>
    </end_location>
    <polyline>
     <points>oalmEp`wnU?iB?k@@iA@_C</points>
    </polyline>
    <duration>
     <value>40</value>
     <text>1 min</text>
    </duration>
    <html_instructions>Turn &lt;b&gt;right&lt;/b&gt; onto &lt;b&gt;W Ball Rd&lt;/b&gt;&lt;div style=&quot;font-size:0.9em&quot;&gt;Pass by Staybridge Suites Anaheim at the Park, an IHG Hotel (on the right)&lt;/div&gt;</html_instructions>
    <distance>
     <value>163</value>
     <text>0.1 mi</text>
    </distance>
    <maneuver>turn-right</maneuver>
   </step>
   <step>
    <travel_mode>DRIVING</travel_mode>
    <start_location>
     <lat>33.8179846</lat>
     <lng>-117.9223305</lng>
    </start_location>
    <end_location>
     <lat>33.8207878</lat>
     <lng>-117.9230963</lng>
    </end_location>
    <polyline>
     <points>kalmEpuvnUAs@_@Bk@HA?UFKBa@JuCp@{@T_@LYLKJUJc@LEBeAX</points>
    </polyline>
    <duration>
     <value>54</value>
     <text>1 min</text>
    </duration>
    <html_instructions>Turn &lt;b&gt;left&lt;/b&gt; onto &lt;b&gt;Disneyland Dr&lt;/b&gt;</html_instructions>
    <distance>
     <value>352</value>
     <text>0.2 mi</text>
    </distance>
    <maneuver>turn-left</maneuver>
   </step>
   <step>
    <travel_mode>DRIVING</travel_mode>
    <start_location>
     <lat>33.8207878</lat>
     <lng>-117.9230963</lng>
    </start_location>
    <end_location>
     <lat>33.8437993</lat>
     <lng>-117.9557998</lng>
    </end_location>
    <polyline>
     <points>}rlmEjzvnUi@MICEASIcA]{@[C?SGSGMEMEC?KCSAEAMAO?E?]@C?E@E?MBE@I@IBKBA@UJE@EBIDGDKF{AtAs@l@y@r@y@r@_At@WTs@l@qAjA_@\]p@}ApAg@b@iAdA}BbCSTYXw@z@[ZyB`Cs@v@ST]^CDyBdCw@x@qBtB}@~@_AbA{@|@s@x@KLEBEDSPGF_BhCa@r@Wh@Wf@Sf@c@jAOb@K^ITW`AMd@]xAWpAU`Bo@hEGn@a@pCu@hFOv@GXWlAMh@e@|AM`@M^KX{@vBuAzCSd@aGrMwDvISd@aEjJgB|DsBtEaF~KMVm@rAWn@i@jAg@fA[p@[l@aAdBe@x@</points>
    </polyline>
    <duration>
     <value>150</value>
     <text>3 mins</text>
    </duration>
    <html_instructions>Slight &lt;b&gt;right&lt;/b&gt; to merge onto &lt;b&gt;I-5 N&lt;/b&gt; toward &lt;b&gt;Los Angeles&lt;/b&gt;</html_instructions>
    <distance>
     <value>4183</value>
     <text>2.6 mi</text>
    </distance>
    <maneuver>ramp-right</maneuver>
   </step>
   <step>
    <travel_mode>DRIVING</travel_mode>
    <start_location>
     <lat>33.8437993</lat>
     <lng>-117.9557998</lng>
    </start_location>
    <end_location>
     <lat>33.8823716</lat>
     <lng>-118.0255065</lng>
    </end_location>
    <polyline>
     <points>wbqmEvf}nUm@fA}@|AQZYd@[h@U`@QZ[l@c@|@_@v@{@rBUn@m@~AEHs@lBk@|AsB~EaC~F_A`C_@~@Uf@[t@aChGQf@{CjHyAjDiAhCoAxCmDhIkApCkAdCEFoA|BaA|AaBbCg@p@W^a@j@GHgAtAu@dAiCpDY\aB|Be@|@ABINKRA@?@GJ?@Sd@_@~@Sh@Oh@WfAADAFGZ[rAYzAKb@EVETS~@U|@k@vB[lACF_AzE?@YlAMl@ADWbAOn@}@hCQh@k@~AcB~DYp@Wh@INgAzBc@x@QZgBzC_BpC[f@c@t@a@p@qB`ESb@ABQ^g@fASb@Sf@c@`AoAtCe@fAaBtDg@hAy@jBsAbD}@nBOZKV]v@oArCSb@Q`@?@Sb@aBpDi@hAy@lBKVsAnCABGHGNINEJCJGJGRc@`A[t@c@`AoAlCmBjEMZ]t@_@z@w@bBe@|@c@r@OTOTA@SZCBc@r@a@h@g@n@e@j@Y^_@b@STiBrBaCvDaBhC]l@{@`BOXQZQXIHMRA?[`@w@?mAzB_CrFeAnCYz@Wz@ENKXoAzDeB|E]`ACHELITGNYx@ENKTkApCe@fAOZ}@rB{@lBQb@Yp@}@rBaAzBIN?B]t@Sb@u@fBiBdE</points>
    </polyline>
    <duration>
     <value>339</value>
     <text>6 mins</text>
    </duration>
    <html_instructions>Keep &lt;b&gt;left&lt;/b&gt; to stay on &lt;b&gt;I-5 N&lt;/b&gt;</html_instructions>
    <distance>
     <value>7786</value>
     <text>4.8 mi</text>
    </distance>
    <maneuver>keep-left</maneuver>
   </step>
   <step>
    <travel_mode>DRIVING</travel_mode>
    <start_location>
     <lat>33.8823716</lat>
     <lng>-118.0255065</lng>
    </start_location>
    <end_location>
     <lat>34.0151967</lat>
     <lng>-118.1701571</lng>
    </end_location>
    <polyline>
     <points>ysxmElzjoUsAdDiAtB_BxCaAfBuAjCGJUd@w@bBQ^O\y@tB_@dAA@IVq@zAgA~BCFCBgBjD[f@GLELIREJsA`Dc@bASj@y@rBa@~@aA|B[x@e@hA]z@a@bAsAhD?@uCbHSd@O`@g@jAABm@vAsA`DmB`FIPwC~GiF|Ky@`BGJmBvD{AzCsFxKQ\yC`Gw@fBoDzHu@|A}B~EmCvGs@xAKR_@x@Q`@[p@KTKToApCu@zAaAdBc@r@a@r@kAnBmAnBaB~BW\qAdBi@p@m@r@EDgBnBaChCmChCEBeAfAuCrCgAdAKJmBlBgBbBoArAwA~As@z@EDIJa@h@u@bAcBnCqAhCwAnCu@bBu@dBq@zAq@vAi@dAs@pAs@hAg@p@iBnC_BzBcApA{A`B{A`Bk@h@o@j@cAt@]X]XcDvBw@d@w@d@}CnBi@^y@f@w@d@KFIFOJOJEDQJEB[PsDzBgBhA{ClB{@j@YP}HzE_@TyA~@A?{BtAA@[RA?]T}BtA]RA@}@h@}BrAwA|@{BvAi@Xg@Ze@XaBlAuGhEiBnAoAp@_@TeC|AgGnEcAn@SLm@^wAz@a@Vu@`@kF`D_@R?@wBlAGBoBjA}BrAKFGDu@b@YN{@b@WNcB`Aa@VoDvBwCbBcAn@}@h@sBhAe@Ve@V[RMF_@Ru@b@GDm@\yAz@SJc@VeAn@q@`@}A|@sBjA}@h@]TcDjBkAp@cAl@ID}@h@wCdB_@T_@T_Ap@y@n@g@b@i@f@_@^a@`@UXm@r@_@b@a@j@QVwAvBk@|@A@W^cA~AeA`B{BhDgAbBg@t@uAxBg@t@uCnEgA`Bg@v@e@t@k@|@eA`BqAlBW^y@pASZu@hAiIhMW^uBbDW^_@l@OTILKNe@r@CDe@n@MNCDe@h@[^YZiAbAc@^WNOLu@f@C@_Al@o@\e@Ve@REBMF[Js@Vu@T_B`@iE|@WFqDr@sAZs@NWDcB^ODc@HcB\C@]HaAP}A\c@Jg@JgAZi@Nu@XiAd@gAh@eAl@MHKFe@TOHc@Xe@\g@ZONa@ZcAr@_C~A[PeAr@SNyB|A_@\cAz@qAnAoApA_A|@{A|AYX_A~@}@|@eAbAs@t@uBtBoBpBmAlA{AzAm@j@YZ]\kAhAeAhAg@f@KLOPs@|@a@n@QXq@fA{@vAkArBGLm@bAg@v@_AjACDA?YXYXw@t@WVCBKJA@MN_@\s@p@wAvAoAnA}@x@y@v@A@}AxAk@f@}@|@g@d@iH|GmI~HMNgBbBm@h@YVONEBWV[Z[Zw@t@u@p@URq@h@o@d@q@`@c@Vu@^w@`@u@^s@\SL_@R]TC@e@X}@n@u@n@CBaB`BwCpCmBbB}AxA_CvB}AvAu@r@cA`AoAtAcE~EeBrBUVCB_CnCw@bAeAdBGFWb@i@|@Q^Wf@e@bA[j@m@fAKPMP[f@c@h@YZ]^_@^i@h@UTs@l@uBhBw@r@OLED]\m@n@m@n@k@v@a@l@[h@OXOT_@t@iAxCYz@O^IPWt@Od@MZCFy@dCw@xBOb@cCbHcAtCaAvCWbAm@pCy@lE</points>
    </polyline>
    <duration>
     <value>757</value>
     <text>13 mins</text>
    </duration>
    <html_instructions>Keep &lt;b&gt;left&lt;/b&gt; to stay on &lt;b&gt;I-5 N&lt;/b&gt;</html_instructions>
    <distance>
     <value>20357</value>
     <text>12.6 mi</text>
    </distance>
    <maneuver>keep-left</maneuver>
   </step>
   <step>
    <travel_mode>DRIVING</travel_mode>
    <start_location>
     <lat>34.0151967</lat>
     <lng>-118.1701571</lng>
    </start_location>
    <end_location>
     <lat>34.0205751</lat>
     <lng>-118.1937522</lng>
    </end_location>
    <polyline>
     <points>_rrnEnbgpUq@rC_@bAYp@KVg@dAq@pAOXIPA@A@Ud@MXABEJGNCFAB[t@ADADi@~ASl@EPITWt@eAzC_AvCkCrHa@hA?@A?ENs@lBe@vAYbAK`@ABU~@CLMt@m@vDMrAMrA?@Cd@KnCC`G?rG@vI@`@?n@@vDAbD@lEA`D?@Ap@ABEjAC`@C`@Gt@MrAE^ETEZALGZ</points>
    </polyline>
    <duration>
     <value>105</value>
     <text>2 mins</text>
    </duration>
    <html_instructions>Keep &lt;b&gt;right&lt;/b&gt; to stay on &lt;b&gt;I-5 N&lt;/b&gt;</html_instructions>
    <distance>
     <value>2316</value>
     <text>1.4 mi</text>
    </distance>
    <maneuver>keep-right</maneuver>
   </step>
   <step>
    <travel_mode>DRIVING</travel_mode>
    <start_location>
     <lat>34.0205751</lat>
     <lng>-118.1937522</lng>
    </start_location>
    <end_location>
     <lat>34.0256221</lat>
     <lng>-118.2059515</lng>
    </end_location>
    <polyline>
     <points>sssnE|ukpUo@fDQr@Mf@Y`ASl@Sj@aBbFiAfD{@jCOb@M`@m@fBMb@{AnEAFwAfEyAnEsAbEwA|DMb@]nAYjACLIZK`@</points>
    </polyline>
    <duration>
     <value>76</value>
     <text>1 min</text>
    </duration>
    <html_instructions>Keep &lt;b&gt;left&lt;/b&gt; to stay on &lt;b&gt;I-5 N&lt;/b&gt;</html_instructions>
    <distance>
     <value>1258</value>
     <text>0.8 mi</text>
    </distance>
    <maneuver>keep-left</maneuver>
   </step>
   <step>
    <travel_mode>DRIVING</travel_mode>
    <start_location>
     <lat>34.0256221</lat>
     <lng>-118.2059515</lng>
    </start_location>
    <end_location>
     <lat>34.1291624</lat>
     <lng>-118.3472425</lng>
    </end_location>
    <polyline>
     <points>cstnEdbnpU?b@CPCNg@xBW`AMf@Od@Ut@cArCmAnDKXIXSj@o@lBQd@_CzGwAfEIPM\_@hA[|@_ApCKZYz@c@hACF]|@a@fAK\KRu@fBO\S`@]p@IPCDGLMTOZ]j@]h@QZa@l@W^iAjAa@b@sArAWXa@V[Zs@h@m@`@]TKDQLQF[NEBSJE@KDMDiAXC@]JWDg@FOB]Dy@DU?_@@u@As@EoBWy@Gu@Ek@?GAW?_@@[BmAFy@Fa@@U@a@?W?a@Aa@CC?]C]Cu@KeC_@}BY}CU]Ak@Ae@?wA@iB@oC@k@?}AF]@K?aAHS@k@Di@Hm@Fm@JyAXi@L_Bb@C@_A\c@PsAh@UHeAh@GBE@C@_A^OFc@Pe@R}@\{An@WNUNA?ML_@XMNIJQRQVGJABIJQ^[z@A??BEJOd@CLAHCJAHCP?HCNAPARAb@Er@?HAF?DAJ?DADG^AJC^AFATCJ?DAJOnAU~BKhAEZC`@CNMrAKpAQzBMtAOzBCRGbAAJK|ACRAT?TCv@ARCVEZIdAGbA?BCZEbACj@CdAAz@Bv@@J@PDbA?j@At@Ab@C\Gp@CNGZG\I^GPCJUl@Wn@CHCDIPOZOVa@v@_@n@MVS\QZGLYh@S^QZCDCDGLILINwAlCk@fA_@p@k@dAS`@o@jA]n@QZ]n@_@p@KNs@lAMRKP]h@w@pAm@v@U\CBUXCDSVmAzAST_@`@i@h@g@d@g@b@UPURu@n@yAjAyAlAo@f@UPw@l@CDi@b@GD]XEDUPURGD_@ZYXSRONY\QTY`@UZW^g@x@]h@GHq@dASXW`@[`@S\e@p@w@lAINe@p@U`@m@|@A@cA~Aa@p@OXg@`AMXYl@Q`@O\Wr@O^GPGR[~@ELMd@?@K\_@tA?B[nAUz@WfAe@dBaAxD[pAYhAABs@pCAD_@|AMf@AFm@~BCNELIXABI\Oj@EPQj@Oh@EPIRGTIVKVcAxCQh@c@nAc@nAADa@lA_@fAABQd@a@jACLYv@KX]jAY~@_@fAAHGNADENADyAvEUl@M\GPIRu@jBg@lAc@fAM^K\IVELm@nBa@|AYdAERGVCH_AzEk@zCWjAu@~DMn@G\K`@m@`DOz@?@CHAJMn@I`@I`@If@YjB]`CO`A?@Kr@?DCP_@nCe@~CG^QpAAJQdACTETc@fDMjAShBKlACPGh@Ij@Ij@Mx@[hBId@Ot@c@hBCJMj@Qj@c@lAKZUj@CDO^[p@Yr@CDSb@S`@MZEJe@fAYn@eAhCO^}@dC}@`Cm@dBQd@y@|BsArDSh@g@rAEHSb@_@x@?Ba@t@KRSb@Wd@CD]n@c@x@o@bAe@t@c@t@_@l@ILILABMTKPMPqBfD{AbCu@hAOVmAjBQTILg@l@g@n@i@f@k@j@k@d@e@^w@n@]T{@f@]TC@wAt@iExB]RA?}@d@[NCBq@\k@XUN[P]To@d@URa@`@i@h@WVc@n@QTQVMP_@n@i@`AEJAB]l@o@lA_AfBc@v@cAjBg@|@o@hAq@`AILORg@r@e@l@QREFa@^_@^KHYV[Tq@h@YPe@`@_Ah@EDwAt@k@VoAn@}GhDyAt@a@Pe@Vg@Tu@^s@b@]T]X]VSRURYZg@l@UVOTU\g@~@i@fA]|@Y~@g@zBG\Mv@E`@E\Gx@A@?RCXC|@A^?h@?^?TA^Av@?F?Z?~@Cn@?@A`@Cb@G|@ALCRE\G\CRABEVEPAHK`@K`@Oj@i@xAQ^Wj@Wh@]l@u@vAu@vAOZEFU`@]r@?@sAjC[j@OXS`@oB`Es@vAgAxBm@jAOVkA`Cg@|@[n@[j@KL[f@W\EFY^[^c@b@GFCD]XMJm@f@w@h@w@`@y@^w@VgAZw@Rs@NmBd@eE`Ac@J_Ez@uBb@}AX{@NsB\sAZwAf@iA`@kAd@gAh@cAl@aAj@gAv@{@n@cAx@o@j@y@x@s@z@i@n@m@t@]`@kB~BSR{@jAcAlA[^UZC@[`@SVA@WZe@f@g@f@ONi@d@C@EDOJe@\E@ABu@d@GDA?gB`ASL[RYRWPQLQL_@\MLQPg@h@gBhBCDIDOPGFOPONKLGDw@x@_A~@</points>
    </polyline>
    <duration>
     <value>983</value>
     <text>16 mins</text>
    </duration>
    <html_instructions>Keep &lt;b&gt;left&lt;/b&gt; at the fork to continue on &lt;b&gt;US-101 N&lt;/b&gt;, follow signs for &lt;b&gt;Los Angeles N&lt;/b&gt;/&lt;wbr/&gt;&lt;b&gt;Civic Center&lt;/b&gt;</html_instructions>
    <distance>
     <value>18764</value>
     <text>11.7 mi</text>
    </distance>
    <maneuver>fork-left</maneuver>
   </step>
   <step>
    <travel_mode>DRIVING</travel_mode>
    <start_location>
     <lat>34.1291624</lat>
     <lng>-118.3472425</lng>
    </start_location>
    <end_location>
     <lat>34.1307998</lat>
     <lng>-118.3485738</lng>
    </end_location>
    <polyline>
     <points>gzhoEfuiqUWDEBw@r@A?MJSR[VA@IHc@`@]XUTKJIFKJQJCBUD</points>
    </polyline>
    <duration>
     <value>12</value>
     <text>1 min</text>
    </duration>
    <html_instructions>Take exit &lt;b&gt;11B&lt;/b&gt; toward &lt;b&gt;Universal Studios Bl&lt;/b&gt;</html_instructions>
    <distance>
     <value>221</value>
     <text>0.1 mi</text>
    </distance>
    <maneuver>ramp-right</maneuver>
   </step>
   <step>
    <travel_mode>DRIVING</travel_mode>
    <start_location>
     <lat>34.1307998</lat>
     <lng>-118.3485738</lng>
    </start_location>
    <end_location>
     <lat>34.1338819</lat>
     <lng>-118.3515888</lng>
    </end_location>
    <polyline>
     <points>odioEp}iqUMLSLYNEBYNe@Xk@^]T]TQLMH_@Tm@l@[b@U\S\CDQZGLKNGLGFCFEDCBCBCBC@EDEBEBC@EDCBEBEBCB?@CBC@CBEFCBCDEDEFINUd@</points>
    </polyline>
    <duration>
     <value>31</value>
     <text>1 min</text>
    </duration>
    <html_instructions>Merge onto &lt;b&gt;W.C. Fields Dr&lt;/b&gt;</html_instructions>
    <distance>
     <value>447</value>
     <text>0.3 mi</text>
    </distance>
    <maneuver>merge</maneuver>
   </step>
   <step>
    <travel_mode>DRIVING</travel_mode>
    <start_location>
     <lat>34.1338819</lat>
     <lng>-118.3515888</lng>
    </start_location>
    <end_location>
     <lat>34.1358593</lat>
     <lng>-118.3511633</lng>
    </end_location>
    <polyline>
     <points>wwioElpjqUQNA@A@A?A@C?C?A?A?A?C?CAA?CAAAA??AA?CAEAC?A?A?A?A?A?A?OQCAAAECUMGCGCECGCGCICICICGAECKACAGAIAGAGAG?IAQAMAI?IAI?K?I@O@IA</points>
    </polyline>
    <duration>
     <value>28</value>
     <text>1 min</text>
    </duration>
    <html_instructions>Turn &lt;b&gt;right&lt;/b&gt; onto &lt;b&gt;Universal Studios Blvd&lt;/b&gt;&lt;div style=&quot;font-size:0.9em&quot;&gt;Destination will be on the right&lt;/div&gt;</html_instructions>
    <distance>
     <value>234</value>
     <text>0.1 mi</text>
    </distance>
    <maneuver>turn-right</maneuver>
   </step>
   <duration>
    <value>2700</value>
    <text>45 mins</text>
   </duration>
   <distance>
    <value>56543</value>
    <text>35.1 mi</text>
   </distance>
   <start_location>
    <lat>33.8160897</lat>
    <lng>-117.9225226</lng>
   </start_location>
   <end_location>
    <lat>34.1358593</lat>
    <lng>-118.3511633</lng>
   </end_location>
   <start_address>1313 Disneyland Dr, Anaheim, CA 92802, USA</start_address>
   <end_address>100 Universal City Plaza, Universal City, CA 91608, USA</end_address>
  </leg>
  <copyrights>Map data ©2021</copyrights>
  <overview_polyline>
   <points>qukmEvvvnUz@l@\n@H|@@vCQXMHE?eB?Ee@k@BM?qACeAHq@?mAA?iB@uB?sDcBT_GvA{Ar@i@PeAXi@MOEwAg@gBk@cBUqAJkAf@{KlJqBhB]p@}ApAqBhBqCxCgFrFiBrB}O~Pg@b@qDnGsAvDmAvEuEzZyAvFkDlIab@v_A}BfFaDlGaGhK{CvG}BfGuPfb@gVdk@yFfJiBfCaHjJiC~DsAzC}@`D_ArEmC|KgBxIgBbG{DzJmCnFuFpJkElI}FvMoKjVqMjYuH~PcCpFiB|CgEzFs@x@iBrBaCvD_CvDkAzB{@rA]`@w@?mAzBeEbKq@vBgEbMeB~EeJ`TqJ|TiLxTsFvMoCdFiBnEuH`RyIjTyFlNcMjXoMjWwLbWeLhWsEhJ_FfIuFtH}GrHySlSaFtFeEhGwMnXeHfKgH~HoDtCqLrHwEzCaQrKad@rXyE|CoN`JeNjJ}EtCeSpLqHfEq]fSuSxLcHbEyDlCsClCeC|CuLzQce@xs@qGxJ{@jAeDhDuFrD_Bv@eFzAgTpEuKzBqFjBgDhB}GrEuFtDyCzBuCjCeGfGwFvFaQ`QiCpCyCnE}D|GmBhCuCrCaj@rh@eFzEmDtCcEzBcH`E}UtTyBtBsGtH_G~G}CtEyBhEcBvCwBlCqIxH_CbCyBhDsC`HaAlC}Kx[qDvPmBrEsB`Es@fB}Nzb@}@hD_AzF_@nEOpK?rGD`RAtOm@nJUzAiBdI{I~WwMx`@eAdESfB}AhGsDrKoIlVgF`O{DdJyCdFwEbFiCvBqDrBkEbA}BNuA?cD]cDOaDLsCJ_BEwFs@eJs@kPNkDZuDl@mEpAsEnBkDtAgElB}@v@sArB}@tCUrDcAfKcCl[e@hHOpFLxCGbD[zBuA|DaGxKcIfOmF`JwEbGyCtC{D`DkH~FgCzBiEdGsFjIkFnIaDnHmIt[kFrSeI`VeHrToC`HiArDqE|SyCxOuBvMoBnNoBhPcBrKgAlEiAzCeCxFqItTcGzOoEfIePpWeDpDgDjC}MhH}FhDyBvBuAnBcG|KmEtHgBbCmE|DeCbBqNfHiEtBeDrBaBzAcBxBqAfCw@|BcArFYnGG`Ha@bF{@zDkBnEyCxFmErIyLfV{DjFw@r@eBpAqB`AkFvAwOnDcKjBkDbAuCfAuGzDiFnEiLpNeD|DgDpCsFfDkG~FyAzAwBxB]H{ArAuChCyBpAgElCmAbAq@`Ai@~@u@hAg@^a@^gA~Ae@CSC]UoC_AoCI</points>
  </overview_polyline>
  <bounds>
   <southwest>
    <lat>33.8155820</lat>
    <lng>-118.3516784</lng>
   </southwest>
   <northeast>
    <lat>34.1358593</lat>
    <lng>-117.9220660</lng>
   </northeast>
  </bounds>
 </route>
 <geocoded_waypoint>
  <geocoder_status>OK</geocoder_status>
  <type>amusement_park</type>
  <type>establishment</type>
  <type>point_of_interest</type>
  <type>tourist_attraction</type>
  <place_id>ChIJa147K9HX3IAR-lwiGIQv9i4</place_id>
 </geocoded_waypoint>
 <geocoded_waypoint>
  <geocoder_status>OK</geocoder_status>
  <type>amusement_park</type>
  <type>establishment</type>
  <type>point_of_interest</type>
  <type>tourist_attraction</type>
  <place_id>ChIJzzgyJU--woARcZqceSdQ3dM</place_id>
 </geocoded_waypoint>
</DirectionsResponse>
<!-- [END maps_http_directions_disneyland_response] -->
