<?xml version="1.0" encoding="UTF-8"?>
<!-- [START maps_http_directions_region_toledo_default_response] -->
<DirectionsResponse>
 <status>ZERO_RESULTS</status>
 <geocoded_waypoint>
  <geocoder_status>OK</geocoder_status>
  <type>locality</type>
  <type>political</type>
  <place_id>ChIJeU4e_C2HO4gRRcM6RZ_IPHw</place_id>
 </geocoded_waypoint>
 <geocoded_waypoint>
  <geocoder_status>OK</geocoder_status>
  <type>locality</type>
  <type>political</type>
  <place_id>ChIJgTwKgJcpQg0RaSKMYcHeNsQ</place_id>
 </geocoded_waypoint>
</DirectionsResponse>
<!-- [END maps_http_directions_region_toledo_default_response] -->
