<?xml version="1.0" encoding="UTF-8"?>
<!-- [START maps_http_places_queryautocomplete_pizza_sydney_response] -->
<AutocompletionResponse>
 <status>OK</status>
 <prediction>
  <description>pizza near Sydney NSW, Australia</description>
  <term>
   <value>pizza</value>
   <offset>0</offset>
  </term>
  <term>
   <value>near</value>
   <offset>6</offset>
  </term>
  <term>
   <value>Sydney</value>
   <offset>11</offset>
  </term>
  <term>
   <value>NSW</value>
   <offset>18</offset>
  </term>
  <term>
   <value>Australia</value>
   <offset>23</offset>
  </term>
  <matched_substring>
   <offset>0</offset>
   <length>5</length>
  </matched_substring>
  <matched_substring>
   <offset>11</offset>
   <length>6</length>
  </matched_substring>
  <structured_formatting>
   <description>pizza</description>
   <subdescription>near Sydney NSW, Australia</subdescription>
   <description_matched_substring>
    <offset>0</offset>
    <length>5</length>
   </description_matched_substring>
   <subdescription_matched_substring>
    <offset>5</offset>
    <length>6</length>
   </subdescription_matched_substring>
  </structured_formatting>
 </prediction>
 <prediction>
  <description>pizza near Sydney Olympic Park NSW, Australia</description>
  <term>
   <value>pizza</value>
   <offset>0</offset>
  </term>
  <term>
   <value>near</value>
   <offset>6</offset>
  </term>
  <term>
   <value>Sydney Olympic Park</value>
   <offset>11</offset>
  </term>
  <term>
   <value>NSW</value>
   <offset>31</offset>
  </term>
  <term>
   <value>Australia</value>
   <offset>36</offset>
  </term>
  <matched_substring>
   <offset>0</offset>
   <length>5</length>
  </matched_substring>
  <matched_substring>
   <offset>11</offset>
   <length>6</length>
  </matched_substring>
  <structured_formatting>
   <description>pizza</description>
   <subdescription>near Sydney Olympic Park NSW, Australia</subdescription>
   <description_matched_substring>
    <offset>0</offset>
    <length>5</length>
   </description_matched_substring>
   <subdescription_matched_substring>
    <offset>5</offset>
    <length>6</length>
   </subdescription_matched_substring>
  </structured_formatting>
 </prediction>
 <prediction>
  <description>pizza near Sydney, NS, Canada</description>
  <term>
   <value>pizza</value>
   <offset>0</offset>
  </term>
  <term>
   <value>near</value>
   <offset>6</offset>
  </term>
  <term>
   <value>Sydney</value>
   <offset>11</offset>
  </term>
  <term>
   <value>NS</value>
   <offset>19</offset>
  </term>
  <term>
   <value>Canada</value>
   <offset>23</offset>
  </term>
  <matched_substring>
   <offset>0</offset>
   <length>5</length>
  </matched_substring>
  <matched_substring>
   <offset>11</offset>
   <length>6</length>
  </matched_substring>
  <structured_formatting>
   <description>pizza</description>
   <subdescription>near Sydney, NS, Canada</subdescription>
   <description_matched_substring>
    <offset>0</offset>
    <length>5</length>
   </description_matched_substring>
   <subdescription_matched_substring>
    <offset>5</offset>
    <length>6</length>
   </subdescription_matched_substring>
  </structured_formatting>
 </prediction>
 <prediction>
  <description>pizza near Sydney CBD, NSW, Australia</description>
  <term>
   <value>pizza</value>
   <offset>0</offset>
  </term>
  <term>
   <value>near</value>
   <offset>6</offset>
  </term>
  <term>
   <value>Sydney CBD</value>
   <offset>11</offset>
  </term>
  <term>
   <value>NSW</value>
   <offset>23</offset>
  </term>
  <term>
   <value>Australia</value>
   <offset>28</offset>
  </term>
  <matched_substring>
   <offset>0</offset>
   <length>5</length>
  </matched_substring>
  <matched_substring>
   <offset>11</offset>
   <length>6</length>
  </matched_substring>
  <structured_formatting>
   <description>pizza</description>
   <subdescription>near Sydney CBD, NSW, Australia</subdescription>
   <description_matched_substring>
    <offset>0</offset>
    <length>5</length>
   </description_matched_substring>
   <subdescription_matched_substring>
    <offset>5</offset>
    <length>6</length>
   </subdescription_matched_substring>
  </structured_formatting>
 </prediction>
 <prediction>
  <description>pizza near Sydney Mines, NS, Canada</description>
  <term>
   <value>pizza</value>
   <offset>0</offset>
  </term>
  <term>
   <value>near</value>
   <offset>6</offset>
  </term>
  <term>
   <value>Sydney Mines</value>
   <offset>11</offset>
  </term>
  <term>
   <value>NS</value>
   <offset>25</offset>
  </term>
  <term>
   <value>Canada</value>
   <offset>29</offset>
  </term>
  <matched_substring>
   <offset>0</offset>
   <length>5</length>
  </matched_substring>
  <matched_substring>
   <offset>11</offset>
   <length>6</length>
  </matched_substring>
  <structured_formatting>
   <description>pizza</description>
   <subdescription>near Sydney Mines, NS, Canada</subdescription>
   <description_matched_substring>
    <offset>0</offset>
    <length>5</length>
   </description_matched_substring>
   <subdescription_matched_substring>
    <offset>5</offset>
    <length>6</length>
   </subdescription_matched_substring>
  </structured_formatting>
 </prediction>
</AutocompletionResponse>
<!-- [END maps_http_places_queryautocomplete_pizza_sydney_response] -->
