<?xml version="1.0" encoding="UTF-8"?>
<!-- [START maps_http_places_autocomplete_amoeba_response] -->
<AutocompletionResponse>
 <status>OK</status>
 <prediction>
  <description>Amoeba Music, Haight Street, San Francisco, CA, USA</description>
  <type>electronics_store</type>
  <type>home_goods_store</type>
  <type>point_of_interest</type>
  <type>store</type>
  <type>establishment</type>
  <reference>ChIJ5YQQf1GHhYARPKG7WLIaOko</reference>
  <term>
   <value>Amoeba Music</value>
   <offset>0</offset>
  </term>
  <term>
   <value>Haight Street</value>
   <offset>14</offset>
  </term>
  <term>
   <value>San Francisco</value>
   <offset>29</offset>
  </term>
  <term>
   <value>CA</value>
   <offset>44</offset>
  </term>
  <term>
   <value>USA</value>
   <offset>48</offset>
  </term>
  <matched_substring>
   <offset>0</offset>
   <length>6</length>
  </matched_substring>
  <place_id>ChIJ5YQQf1GHhYARPKG7WLIaOko</place_id>
  <structured_formatting>
   <description>Amoeba Music</description>
   <subdescription>Haight Street, San Francisco, CA, USA</subdescription>
   <description_matched_substring>
    <offset>0</offset>
    <length>6</length>
   </description_matched_substring>
  </structured_formatting>
 </prediction>
 <prediction>
  <description>Amoeba Music, Telegraph Avenue, Berkeley, CA, USA</description>
  <type>electronics_store</type>
  <type>home_goods_store</type>
  <type>point_of_interest</type>
  <type>store</type>
  <type>establishment</type>
  <reference>ChIJr7uwwy58hYARBY-e7-QVwqw</reference>
  <term>
   <value>Amoeba Music</value>
   <offset>0</offset>
  </term>
  <term>
   <value>Telegraph Avenue</value>
   <offset>14</offset>
  </term>
  <term>
   <value>Berkeley</value>
   <offset>32</offset>
  </term>
  <term>
   <value>CA</value>
   <offset>42</offset>
  </term>
  <term>
   <value>USA</value>
   <offset>46</offset>
  </term>
  <matched_substring>
   <offset>0</offset>
   <length>6</length>
  </matched_substring>
  <place_id>ChIJr7uwwy58hYARBY-e7-QVwqw</place_id>
  <structured_formatting>
   <description>Amoeba Music</description>
   <subdescription>Telegraph Avenue, Berkeley, CA, USA</subdescription>
   <description_matched_substring>
    <offset>0</offset>
    <length>6</length>
   </description_matched_substring>
  </structured_formatting>
 </prediction>
 <prediction>
  <description>Amoeba Music, Hollywood Boulevard, Los Angeles, CA, USA</description>
  <type>electronics_store</type>
  <type>home_goods_store</type>
  <type>point_of_interest</type>
  <type>store</type>
  <type>establishment</type>
  <reference>ChIJRdmfADq_woARYaVhnfQSUTI</reference>
  <term>
   <value>Amoeba Music</value>
   <offset>0</offset>
  </term>
  <term>
   <value>Hollywood Boulevard</value>
   <offset>14</offset>
  </term>
  <term>
   <value>Los Angeles</value>
   <offset>35</offset>
  </term>
  <term>
   <value>CA</value>
   <offset>48</offset>
  </term>
  <term>
   <value>USA</value>
   <offset>52</offset>
  </term>
  <matched_substring>
   <offset>0</offset>
   <length>6</length>
  </matched_substring>
  <place_id>ChIJRdmfADq_woARYaVhnfQSUTI</place_id>
  <structured_formatting>
   <description>Amoeba Music</description>
   <subdescription>Hollywood Boulevard, Los Angeles, CA, USA</subdescription>
   <description_matched_substring>
    <offset>0</offset>
    <length>6</length>
   </description_matched_substring>
  </structured_formatting>
 </prediction>
 <prediction>
  <description>Amoeba, Sunset Boulevard, Los Angeles, CA, USA</description>
  <type>point_of_interest</type>
  <type>establishment</type>
  <reference>ChIJc4h0lUK_woAR00GNJt9ZHXo</reference>
  <term>
   <value>Amoeba</value>
   <offset>0</offset>
  </term>
  <term>
   <value>Sunset Boulevard</value>
   <offset>8</offset>
  </term>
  <term>
   <value>Los Angeles</value>
   <offset>26</offset>
  </term>
  <term>
   <value>CA</value>
   <offset>39</offset>
  </term>
  <term>
   <value>USA</value>
   <offset>43</offset>
  </term>
  <matched_substring>
   <offset>0</offset>
   <length>6</length>
  </matched_substring>
  <place_id>ChIJc4h0lUK_woAR00GNJt9ZHXo</place_id>
  <structured_formatting>
   <description>Amoeba</description>
   <subdescription>Sunset Boulevard, Los Angeles, CA, USA</subdescription>
   <description_matched_substring>
    <offset>0</offset>
    <length>6</length>
   </description_matched_substring>
  </structured_formatting>
 </prediction>
 <prediction>
  <description>Amoeba CrossFit, Park Creek Drive, Clovis, CA, USA</description>
  <type>gym</type>
  <type>health</type>
  <type>point_of_interest</type>
  <type>establishment</type>
  <reference>ChIJofL3OWJdlIARad2hrCjYFU0</reference>
  <term>
   <value>Amoeba CrossFit</value>
   <offset>0</offset>
  </term>
  <term>
   <value>Park Creek Drive</value>
   <offset>17</offset>
  </term>
  <term>
   <value>Clovis</value>
   <offset>35</offset>
  </term>
  <term>
   <value>CA</value>
   <offset>43</offset>
  </term>
  <term>
   <value>USA</value>
   <offset>47</offset>
  </term>
  <matched_substring>
   <offset>0</offset>
   <length>6</length>
  </matched_substring>
  <place_id>ChIJofL3OWJdlIARad2hrCjYFU0</place_id>
  <structured_formatting>
   <description>Amoeba CrossFit</description>
   <subdescription>Park Creek Drive, Clovis, CA, USA</subdescription>
   <description_matched_substring>
    <offset>0</offset>
    <length>6</length>
   </description_matched_substring>
  </structured_formatting>
 </prediction>
</AutocompletionResponse>
<!-- [END maps_http_places_autocomplete_amoeba_response] -->
