<?xml version="1.0" encoding="UTF-8"?>
<!-- [START maps_http_directions_brooklyn_queens_transit_response] -->
<DirectionsResponse>
 <status>OK</status>
 <route>
  <summary></summary>
  <leg>
   <step>
    <travel_mode>WALKING</travel_mode>
    <start_location>
     <lat>40.6781906</lat>
     <lng>-73.9442531</lng>
    </start_location>
    <end_location>
     <lat>40.6783327</lat>
     <lng>-73.9481861</lng>
    </end_location>
    <polyline>
     <points>u}gwFpfibMJ@T@E|BK|D?\IjDAb@AL?A]xE</points>
    </polyline>
    <duration>
     <value>306</value>
     <text>5 mins</text>
    </duration>
    <html_instructions>Walk to Nostrand Av</html_instructions>
    <distance>
     <value>350</value>
     <text>0.2 mi</text>
    </distance>
    <step>
     <travel_mode>WALKING</travel_mode>
     <start_location>
      <lat>40.6781906</lat>
      <lng>-73.9442531</lng>
     </start_location>
     <end_location>
      <lat>40.6780173</lat>
      <lng>-73.9442693</lng>
     </end_location>
     <polyline>
      <points>u}gwFpfibMJ@T@</points>
     </polyline>
     <duration>
      <value>8</value>
      <text>1 min</text>
     </duration>
     <html_instructions>Head &lt;b&gt;south&lt;/b&gt; on &lt;b&gt;Brooklyn Ave&lt;/b&gt; toward &lt;b&gt;Atlantic Ave&lt;/b&gt;</html_instructions>
     <distance>
      <value>11</value>
      <text>36 ft</text>
     </distance>
    </step>
    <step>
     <travel_mode>WALKING</travel_mode>
     <start_location>
      <lat>40.6780173</lat>
      <lng>-73.9442693</lng>
     </start_location>
     <end_location>
      <lat>40.6781752</lat>
      <lng>-73.9471056</lng>
     </end_location>
     <polyline>
      <points>s|gwFtfibME|BK|D?\IjDAb@AL</points>
     </polyline>
     <duration>
      <value>205</value>
      <text>3 mins</text>
     </duration>
     <html_instructions>Turn &lt;b&gt;right&lt;/b&gt; onto &lt;b&gt;Atlantic Ave&lt;/b&gt;&lt;div style=&quot;font-size:0.9em&quot;&gt;Destination will be on the left&lt;/div&gt;</html_instructions>
     <distance>
      <value>247</value>
      <text>0.2 mi</text>
     </distance>
     <maneuver>turn-right</maneuver>
    </step>
    <step>
     <travel_mode>WALKING</travel_mode>
     <start_location>
      <lat>40.6781850</lat>
      <lng>-73.9471050</lng>
     </start_location>
     <end_location>
      <lat>40.6783327</lat>
      <lng>-73.9481861</lng>
     </end_location>
     <polyline>
      <points>s}gwFjxibM]xE</points>
     </polyline>
     <duration>
      <value>93</value>
      <text>2 mins</text>
     </duration>
     <html_instructions>Take entrance &lt;span class=&quot;location&quot;&gt;&lt;/span&gt;</html_instructions>
     <distance>
      <value>92</value>
      <text>302 ft</text>
     </distance>
    </step>
   </step>
   <step>
    <travel_mode>TRANSIT</travel_mode>
    <start_location>
     <lat>40.6783327</lat>
     <lng>-73.9481861</lng>
    </start_location>
    <end_location>
     <lat>40.6996082</lat>
     <lng>-73.8085299</lng>
    </end_location>
    <polyline>
     <points>q~gwFd_jbMMA@s@BeA@o@@i@DgBDkCD}A@s@B{@@c@@k@@g@@u@@_@BmC@a@H{C@o@Bw@@o@?A@q@Bo@@m@@o@Bm@@o@@o@@c@@I@o@BcA@m@?M@a@@Y@Y?UBm@B_B@m@Bo@@m@@m@?ABq@@o@@O?]@_@Bo@@M@a@HaE@i@@o@@m@?OBo@?E@g@?OBk@@q@B}ABo@B}A@o@@E@i@?O@m@@S@[?e@Bm@@o@@W@W@m@D}A@o@@o@@o@?CBo@?G@g@@OB_BD}A@c@@y@Bo@@o@Bm@?[@I@e@@i@@o@?EBi@@m@@o@DmA?OD}A@o@Bo@?K?ABm@@m@Bw@FeCDiBLuDBsCViLBo@FiDTkKDwARaKV_L@w@VyKLuH@QDmBF{ABa@?MBc@Ba@D_@Be@Dg@JkAN{B@_@Bo@Bw@?uB?WCmFIsEKkG[}Ha@{GOcBSsCo@{Gi@{EYeCIm@WoBo@qEk@wDsAqHGY}AiIu@_E{AcIQ{@Kk@WqAs@wDk@_DkBoJyBiLeBqJ_C_MeCwM_CcM}CkPmAoGmAoGyAyHwCqO_BwIaDqPa@uBgA}FKk@UoA}@wE[kB_BiIEUKk@e@eCMk@G[kB{JuCsOwAqHu@aEoBcKqAaH_DuPeCoMY}AiAkG}@{Es@qDeBaJiAaG[cBi@wCqEaVk@_CMk@Oi@_@{AEOU}@Oi@Mi@?AQg@GQWkAIa@CIMk@Kk@Iu@]sCIk@WyBGm@Gk@ESAAKi@Km@Kk@Kk@Mk@e@eCEYFC</points>
    </polyline>
    <duration>
     <value>840</value>
     <text>14 mins</text>
    </duration>
    <html_instructions>Train towards Hempstead</html_instructions>
    <distance>
     <value>12272</value>
     <text>7.6 mi</text>
    </distance>
    <transit_details>
     <departure_stop>
      <name>Nostrand Av</name>
      <location>
       <lat>40.6783327</lat>
       <lng>-73.9481861</lng>
      </location>
     </departure_stop>
     <arrival_stop>
      <name>Jamaica</name>
      <location>
       <lat>40.6996082</lat>
       <lng>-73.8085299</lng>
      </location>
     </arrival_stop>
     <line>
      <name>Hempstead</name>
      <vehicle>
       <name>Train</name>
       <type>HEAVY_RAIL</type>
       <icon>//maps.gstatic.com/mapfiles/transit/iw2/6/rail2.png</icon>
      </vehicle>
      <agency>
       <name>Long Island Rail Road</name>
       <url>http://www.mta.info/lirr</url>
       <phone>1 (718) 558-7400</phone>
      </agency>
      <color>#ce8e00</color>
      <text_color>#121212</text_color>
     </line>
     <num_stops>2</num_stops>
     <headsign>Hempstead</headsign>
     <departure_time>
      <value>1628705520</value>
      <text>2:12pm</text>
      <time_zone>America/New_York</time_zone>
     </departure_time>
     <arrival_time>
      <value>1628706480</value>
      <text>2:28pm</text>
      <time_zone>America/New_York</time_zone>
     </arrival_time>
     <trip_short_name>752</trip_short_name>
    </transit_details>
   </step>
   <step>
    <travel_mode>WALKING</travel_mode>
    <start_location>
     <lat>40.6996082</lat>
     <lng>-73.8085299</lng>
    </start_location>
    <end_location>
     <lat>40.7004832</lat>
     <lng>-73.8078264</lng>
    </end_location>
    <polyline>
     <points>qclwFhvnaMqCmAIBQaA</points>
    </polyline>
    <duration>
     <value>111</value>
     <text>2 mins</text>
    </duration>
    <html_instructions>Walk to Archer Av/Sutphin Blvd</html_instructions>
    <distance>
     <value>118</value>
     <text>387 ft</text>
    </distance>
    <step>
     <travel_mode>WALKING</travel_mode>
     <start_location>
      <lat>40.6996082</lat>
      <lng>-73.8085299</lng>
     </start_location>
     <end_location>
      <lat>40.7003440</lat>
      <lng>-73.8081360</lng>
     </end_location>
     <polyline>
      <points>qclwFhvnaMqCmA</points>
     </polyline>
     <duration>
      <value>89</value>
      <text>1 min</text>
     </duration>
     <html_instructions>Take exit &lt;span class=&quot;location&quot;&gt;&lt;/span&gt;</html_instructions>
     <distance>
      <value>88</value>
      <text>289 ft</text>
     </distance>
    </step>
    <step>
     <travel_mode>WALKING</travel_mode>
     <start_location>
      <lat>40.7003881</lat>
      <lng>-73.8081580</lng>
     </start_location>
     <end_location>
      <lat>40.7004832</lat>
      <lng>-73.8078264</lng>
     </end_location>
     <polyline>
      <points>mhlwF~snaMQaA</points>
     </polyline>
     <duration>
      <value>22</value>
      <text>1 min</text>
     </duration>
     <html_instructions>Head &lt;b&gt;east&lt;/b&gt; on &lt;b&gt;Archer Ave&lt;/b&gt; toward &lt;b&gt;Sutphin Blvd&lt;/b&gt;</html_instructions>
     <distance>
      <value>30</value>
      <text>98 ft</text>
     </distance>
    </step>
   </step>
   <step>
    <travel_mode>TRANSIT</travel_mode>
    <start_location>
     <lat>40.7005160</lat>
     <lng>-73.8078310</lng>
    </start_location>
    <end_location>
     <lat>40.7287830</lat>
     <lng>-73.7928470</lng>
    </end_location>
    <polyline>
     <points>gilwF|qnaMEBGWO}@a@aCOiBC[?I]iBKe@?MWoAAIa@sBCOGBOFc@NUHWJWHQy@c@{BIc@_@qB[eBEWy@iECSIg@e@cCg@cBKY_@sAQk@]kAm@sBUs@CIk@_BK[Qm@m@qBk@kB}@}CGM_@uA_@uAc@{AOk@I]k@qBEQG_@Ia@g@gCG[CQGW@KAQKg@]gBAC[eBQHs@\qAn@ID{C|AeD~A_Bv@{@b@e@Ti@Xw@^SJLb@Pn@Rv@HZJb@OMEAC?E??@SDE?]Cw@?K?a@?U?I?O@S@K@I@UD}@RIDi@REBeA`@IDC@G@C@A?KDI@IBM@M@M?M?K?GAG?KAOCIAGCKAICECOEGCGEUKYOi@YAACAkCwAKE_@UICMICAg@QGCEAGAC?C?WAKAM?IAMAM?OAWAWAUAM?EAG?MC]KSGICICKEICIGQGQMm@g@W[EGEEGKEICEIOGK@M?A?AAAGOEMEMCG?AA?IEICc@Ma@M}@Y[Ia@OGCKISIQEIAG?QA{ACQ@yAA[@a@?a@@sAB]?E?Q@Q??@iABQ@e@BQ@OBQBOFODOHOLULo@d@s@`@[P]PSLUNODYLSHIB]LWH[JWDQBu@Tu@VOBID}Af@A@IBk@PYJi@Pa@LGB{Ad@E?MDw@VAK</points>
    </polyline>
    <duration>
     <value>1483</value>
     <text>25 mins</text>
    </duration>
    <html_instructions>Bus towards Bayside 27 Ave Francis Lewis Blvd</html_instructions>
    <distance>
     <value>4494</value>
     <text>2.8 mi</text>
    </distance>
    <transit_details>
     <departure_stop>
      <name>Archer Av/Sutphin Blvd</name>
      <location>
       <lat>40.7005160</lat>
       <lng>-73.8078310</lng>
      </location>
     </departure_stop>
     <arrival_stop>
      <name>Utopia Pkwy/75 Av</name>
      <location>
       <lat>40.7287830</lat>
       <lng>-73.7928470</lng>
      </location>
     </arrival_stop>
     <line>
      <name>Bayside - Jamaica</name>
      <short_name>Q31</short_name>
      <vehicle>
       <name>Bus</name>
       <type>BUS</type>
       <icon>//maps.gstatic.com/mapfiles/transit/iw2/6/bus2.png</icon>
      </vehicle>
      <agency>
       <name>MTA</name>
       <url>http://www.mta.info/</url>
      </agency>
      <color>#1d59b3</color>
      <text_color>#ffffff</text_color>
     </line>
     <num_stops>16</num_stops>
     <headsign>Bayside 27 Ave Francis Lewis Blvd</headsign>
     <departure_time>
      <value>1628706900</value>
      <text>2:35pm</text>
      <time_zone>America/New_York</time_zone>
     </departure_time>
     <arrival_time>
      <value>1628708383</value>
      <text>2:59pm</text>
      <time_zone>America/New_York</time_zone>
     </arrival_time>
    </transit_details>
   </step>
   <step>
    <travel_mode>WALKING</travel_mode>
    <start_location>
     <lat>40.7287859</lat>
     <lng>-73.7928353</lng>
    </start_location>
    <end_location>
     <lat>40.7281120</lat>
     <lng>-73.7947583</lng>
    </end_location>
    <polyline>
     <points>}yqwFftkaMr@U?\J\Jv@DV@FL~@BZBL\vC</points>
    </polyline>
    <duration>
     <value>197</value>
     <text>3 mins</text>
    </duration>
    <html_instructions>Walk to Queens, NY, USA</html_instructions>
    <distance>
     <value>231</value>
     <text>0.1 mi</text>
    </distance>
    <step>
     <travel_mode>WALKING</travel_mode>
     <start_location>
      <lat>40.7287859</lat>
      <lng>-73.7928353</lng>
     </start_location>
     <end_location>
      <lat>40.7285274</lat>
      <lng>-73.7928836</lng>
     </end_location>
     <polyline>
      <points>}yqwFftkaMr@U?\</points>
     </polyline>
     <duration>
      <value>25</value>
      <text>1 min</text>
     </duration>
     <html_instructions>Head &lt;b&gt;south&lt;/b&gt; on &lt;b&gt;Utopia Pkwy&lt;/b&gt; toward &lt;b&gt;75th Ave&lt;/b&gt;</html_instructions>
     <distance>
      <value>33</value>
      <text>108 ft</text>
     </distance>
    </step>
    <step>
     <travel_mode>WALKING</travel_mode>
     <start_location>
      <lat>40.7285274</lat>
      <lng>-73.7928836</lng>
     </start_location>
     <end_location>
      <lat>40.7281120</lat>
      <lng>-73.7947583</lng>
     </end_location>
     <polyline>
      <points>ixqwFntkaMJ\Jv@DV@FL~@BZBL\vC</points>
     </polyline>
     <duration>
      <value>157</value>
      <text>3 mins</text>
     </duration>
     <html_instructions>Turn &lt;b&gt;right&lt;/b&gt; onto &lt;b&gt;75th Ave&lt;/b&gt;</html_instructions>
     <distance>
      <value>178</value>
      <text>0.1 mi</text>
     </distance>
     <maneuver>turn-right</maneuver>
    </step>
    <step>
     <travel_mode>WALKING</travel_mode>
     <start_location>
      <lat>40.7281120</lat>
      <lng>-73.7947583</lng>
     </start_location>
     <end_location>
      <lat>40.7281120</lat>
      <lng>-73.7947583</lng>
     </end_location>
     <polyline>
      <points>uuqwFf`laM</points>
     </polyline>
     <duration>
      <value>15</value>
      <text>1 min</text>
     </duration>
     <html_instructions>Turn &lt;b&gt;right&lt;/b&gt; onto &lt;b&gt;175th St&lt;/b&gt;</html_instructions>
     <distance>
      <value>20</value>
      <text>66 ft</text>
     </distance>
     <maneuver>turn-right</maneuver>
    </step>
   </step>
   <duration>
    <value>3367</value>
    <text>56 mins</text>
   </duration>
   <distance>
    <value>17465</value>
    <text>10.9 mi</text>
   </distance>
   <start_location>
    <lat>40.6781906</lat>
    <lng>-73.9442531</lng>
   </start_location>
   <end_location>
    <lat>40.7281120</lat>
    <lng>-73.7947583</lng>
   </end_location>
   <start_address>Brooklyn, NY, USA</start_address>
   <end_address>Queens, NY, USA</end_address>
   <departure_time>
    <value>1628705214</value>
    <text>2:06pm</text>
    <time_zone>America/New_York</time_zone>
   </departure_time>
   <arrival_time>
    <value>1628708581</value>
    <text>3:03pm</text>
    <time_zone>America/New_York</time_zone>
   </arrival_time>
  </leg>
  <copyrights>Map data ©2021</copyrights>
  <overview_polyline>
   <points>u}gwFpfibM`@BQzHMzF]vEMA@s@DuBFqCPyIFmDPkJFyCRqJNoGP_JPoGj@gY^kRxA{n@dBsx@~@gd@R}FLsBd@uGDoABmDCeGU_N[}Ha@{Gc@wFo@{Gi@{Ec@sDgAaIk@wDsAqHeBcJqCcOiBqJwCoO_F{WcPg{@mKkj@kJ}f@{B_MoLin@yUioAaHq^eA{FqEaVk@_C]uAe@kBs@sCYy@a@mBQu@UaBgAgJ[kBq@qDk@_DFCqCmAIBQaAMBWuAa@aCOiBCe@i@oCW}Ac@}BCOGBs@Vm@TWHQy@m@_D{@wEmA}Ge@cCg@cBk@mBsB_HmAsD_DiKsBsHu@oCMq@}@wEGW@KMy@_@kB[eBQHeClAeDbBgJpEaBx@SJLb@d@fBT~@UOI?SFc@C{B?y@D_@FgAX_C~@QDm@Lu@@k@Gg@Ke@S{Aw@{DuBWMk@SYGu@CiCKy@Qs@Uw@a@m@g@W[KM[k@GK@M?CUm@CIKEmCy@}@YSMe@OQAyEE{FHaCJa@Da@J_@Ne@ZcBfAy@b@i@\i@RsAd@s@PgAXeAZgBl@qAb@oDhASDw@VAKp@W?\J\PnANfAd@`E</points>
  </overview_polyline>
  <warning>Walking directions are in beta. Use caution – This route may be missing sidewalks or pedestrian paths.</warning>
  <bounds>
   <southwest>
    <lat>40.6756294</lat>
    <lng>-73.9481861</lng>
   </southwest>
   <northeast>
    <lat>40.7287830</lat>
    <lng>-73.7897238</lng>
   </northeast>
  </bounds>
 </route>
 <geocoded_waypoint>
  <geocoder_status>OK</geocoder_status>
  <type>political</type>
  <type>sublocality</type>
  <type>sublocality_level_1</type>
  <place_id>ChIJCSF8lBZEwokRhngABHRcdoI</place_id>
 </geocoded_waypoint>
 <geocoded_waypoint>
  <geocoder_status>OK</geocoder_status>
  <type>political</type>
  <type>sublocality</type>
  <type>sublocality_level_1</type>
  <place_id>ChIJK1kKR2lDwokRBXtcbIvRCUE</place_id>
 </geocoded_waypoint>
</DirectionsResponse>
<!-- [END maps_http_directions_brooklyn_queens_transit_response] -->
