<?xml version="1.0" encoding="UTF-8"?>
<!-- [START maps_http_directions_boston_concord_waypoints_now_response] -->
<DirectionsResponse>
 <status>OK</status>
 <route>
  <summary>MA-2 W</summary>
  <leg>
   <step>
    <travel_mode>DRIVING</travel_mode>
    <start_location>
     <lat>42.3597872</lat>
     <lng>-71.0598473</lng>
    </start_location>
    <end_location>
     <lat>42.3609890</lat>
     <lng>-71.0611984</lng>
    </end_location>
    <polyline>
     <points>ukpaG`{upLKDSHCBULSNUTKHMJKJIJGFIJIJGHCDMZIR[v@</points>
    </polyline>
    <duration>
     <value>37</value>
     <text>1 min</text>
    </duration>
    <html_instructions>Head &lt;b&gt;north&lt;/b&gt; on &lt;b&gt;Cambridge St&lt;/b&gt; toward &lt;b&gt;Sudbury St&lt;/b&gt;</html_instructions>
    <distance>
     <value>178</value>
     <text>0.1 mi</text>
    </distance>
   </step>
   <step>
    <travel_mode>DRIVING</travel_mode>
    <start_location>
     <lat>42.3609890</lat>
     <lng>-71.0611984</lng>
    </start_location>
    <end_location>
     <lat>42.3631759</lat>
     <lng>-71.0569388</lng>
    </end_location>
    <polyline>
     <points>espaGncvpLUSECAAEEEICCCEIMCIEI[{@Ys@M[_@_Ac@mAk@yAUk@GQEMI_@I[Om@Mk@Mk@CKCGCMEIAECECGACCGEECIIIGGEAAAQI</points>
    </polyline>
    <duration>
     <value>132</value>
     <text>2 mins</text>
    </duration>
    <html_instructions>Turn &lt;b&gt;right&lt;/b&gt; onto &lt;b&gt;Sudbury St&lt;/b&gt;</html_instructions>
    <distance>
     <value>433</value>
     <text>0.3 mi</text>
    </distance>
    <maneuver>turn-right</maneuver>
   </step>
   <step>
    <travel_mode>DRIVING</travel_mode>
    <start_location>
     <lat>42.3631759</lat>
     <lng>-71.0569388</lng>
    </start_location>
    <end_location>
     <lat>42.3643627</lat>
     <lng>-71.0582002</lng>
    </end_location>
    <polyline>
     <points>{`qaGzhupLC??@A?ABOXEFEHEFMNMNKLML[ZMLOLMJMHGDKJIHABC@QT</points>
    </polyline>
    <duration>
     <value>59</value>
     <text>1 min</text>
    </duration>
    <html_instructions>Slight &lt;b&gt;left&lt;/b&gt; onto &lt;b&gt;Cross St&lt;/b&gt;</html_instructions>
    <distance>
     <value>169</value>
     <text>0.1 mi</text>
    </distance>
    <maneuver>turn-slight-left</maneuver>
   </step>
   <step>
    <travel_mode>DRIVING</travel_mode>
    <start_location>
     <lat>42.3643627</lat>
     <lng>-71.0582002</lng>
    </start_location>
    <end_location>
     <lat>42.3708118</lat>
     <lng>-71.0614952</lng>
    </end_location>
    <polyline>
     <points>ghqaGvpupLQLg@@GDKDGFcA@M?_@A]@qBHaBH_A@KFm@ZIFEBABCDEHCDCDEDA?EDEDe@XSLIHKNELGL?@ELCNGLGNEJGDGFC@OHk@\}@h@QJGD_@Ra@R_@Rq@^OHYPEBYLIBMBK@M?K@MBIFKFIFGFGJOFMJ</points>
    </polyline>
    <duration>
     <value>155</value>
     <text>3 mins</text>
    </duration>
    <html_instructions>Turn &lt;b&gt;right&lt;/b&gt; onto &lt;b&gt;N Washington St&lt;/b&gt;</html_instructions>
    <distance>
     <value>797</value>
     <text>0.5 mi</text>
    </distance>
    <maneuver>turn-right</maneuver>
   </step>
   <step>
    <travel_mode>DRIVING</travel_mode>
    <start_location>
     <lat>42.3708118</lat>
     <lng>-71.0614952</lng>
    </start_location>
    <end_location>
     <lat>42.3762299</lat>
     <lng>-71.0552091</lng>
    </end_location>
    <polyline>
     <points>qpraGjevpLGAE@GBGBGBIDI@IBC?C?E?MACCc@s@KQKO[g@?Aa@q@Yc@MQa@s@c@s@KOk@{@S[GIw@gA]g@W]UOSWAAIOMM[_@]_@u@_AACW[OUa@e@CEQWMSKOa@s@Q]Uc@GMEG[a@QUW[KKsAyA</points>
    </polyline>
    <duration>
     <value>116</value>
     <text>2 mins</text>
    </duration>
    <html_instructions>Turn &lt;b&gt;right&lt;/b&gt; onto &lt;b&gt;Chelsea St&lt;/b&gt;</html_instructions>
    <distance>
     <value>817</value>
     <text>0.5 mi</text>
    </distance>
    <maneuver>turn-right</maneuver>
   </step>
   <step>
    <travel_mode>DRIVING</travel_mode>
    <start_location>
     <lat>42.3762299</lat>
     <lng>-71.0552091</lng>
    </start_location>
    <end_location>
     <lat>42.3770705</lat>
     <lng>-71.0570588</lng>
    </end_location>
    <polyline>
     <points>mrsaG`~tpLKXGLUd@MTYl@Yl@Wj@GNEZKn@Ih@</points>
    </polyline>
    <duration>
     <value>27</value>
     <text>1 min</text>
    </duration>
    <html_instructions>Turn &lt;b&gt;left&lt;/b&gt; onto &lt;b&gt;Vine St&lt;/b&gt;</html_instructions>
    <distance>
     <value>181</value>
     <text>0.1 mi</text>
    </distance>
    <maneuver>turn-left</maneuver>
   </step>
   <step>
    <travel_mode>DRIVING</travel_mode>
    <start_location>
     <lat>42.3770705</lat>
     <lng>-71.0570588</lng>
    </start_location>
    <end_location>
     <lat>42.3834369</lat>
     <lng>-71.0716963</lng>
    </end_location>
    <polyline>
     <points>uwsaGriupLI\Mf@IZgAlEI^YjAYjAYfAK`@Mj@YhAKZKh@Sx@W`AMf@]vA[nAW~@Ob@CJGPc@dAk@xAi@pASf@g@nAYp@s@fBm@zA]z@m@zAIPO`@g@pACFg@nAO\Sf@GPaAbCw@pBEJGNSf@Sf@KXQb@CFQd@[v@O\GNSp@</points>
    </polyline>
    <duration>
     <value>166</value>
     <text>3 mins</text>
    </duration>
    <html_instructions>Continue onto &lt;b&gt;Bunker Hill St&lt;/b&gt;</html_instructions>
    <distance>
     <value>1399</value>
     <text>0.9 mi</text>
    </distance>
   </step>
   <step>
    <travel_mode>DRIVING</travel_mode>
    <start_location>
     <lat>42.3834369</lat>
     <lng>-71.0716963</lng>
    </start_location>
    <end_location>
     <lat>42.3844810</lat>
     <lng>-71.0728220</lng>
    </end_location>
    <polyline>
     <points>o_uaGbexpLQj@O\O\ILQBSNQJWPEFMJGDEDA@_@T</points>
    </polyline>
    <duration>
     <value>25</value>
     <text>1 min</text>
    </duration>
    <html_instructions>Continue onto &lt;b&gt;Main St&lt;/b&gt;</html_instructions>
    <distance>
     <value>154</value>
     <text>0.1 mi</text>
    </distance>
   </step>
   <step>
    <travel_mode>DRIVING</travel_mode>
    <start_location>
     <lat>42.3844810</lat>
     <lng>-71.0728220</lng>
    </start_location>
    <end_location>
     <lat>42.3856915</lat>
     <lng>-71.0761434</lng>
    </end_location>
    <polyline>
     <points>_fuaGblxpLIAoAOMFGDGDGFGFEHCFA?AF?@CN?@AJ?F?H@F?F@F@B?@Xl@D@t@XF@HTBN@L?HAHCPEL[|@GJQb@ITGPENUn@GROb@ELCBCFCDCDEFOPUX</points>
    </polyline>
    <duration>
     <value>57</value>
     <text>1 min</text>
    </duration>
    <html_instructions>At the traffic circle, take the &lt;b&gt;3rd&lt;/b&gt; exit and stay on &lt;b&gt;Main St&lt;/b&gt;</html_instructions>
    <distance>
     <value>420</value>
     <text>0.3 mi</text>
    </distance>
    <maneuver>roundabout-right</maneuver>
   </step>
   <step>
    <travel_mode>DRIVING</travel_mode>
    <start_location>
     <lat>42.3856915</lat>
     <lng>-71.0761434</lng>
    </start_location>
    <end_location>
     <lat>42.3906533</lat>
     <lng>-71.0824377</lng>
    </end_location>
    <polyline>
     <points>qmuaGz`ypLe@f@s@z@MNMPU^KNk@t@ED]^GFIJGFMNy@jAq@`A_C~CkAdBSZ]h@o@`AMNuAjBc@l@Yb@[b@U`@QXW\g@r@EDIJ</points>
    </polyline>
    <duration>
     <value>83</value>
     <text>1 min</text>
    </duration>
    <html_instructions>Continue onto &lt;b&gt;Mystic Ave&lt;/b&gt;</html_instructions>
    <distance>
     <value>757</value>
     <text>0.5 mi</text>
    </distance>
   </step>
   <step>
    <travel_mode>DRIVING</travel_mode>
    <start_location>
     <lat>42.3906533</lat>
     <lng>-71.0824377</lng>
    </start_location>
    <end_location>
     <lat>42.3908950</lat>
     <lng>-71.0826483</lng>
    </end_location>
    <polyline>
     <points>qlvaGfhzpLq@h@</points>
    </polyline>
    <duration>
     <value>2</value>
     <text>1 min</text>
    </duration>
    <html_instructions>Continue straight to stay on &lt;b&gt;Mystic Ave&lt;/b&gt;</html_instructions>
    <distance>
     <value>32</value>
     <text>105 ft</text>
    </distance>
    <maneuver>straight</maneuver>
   </step>
   <step>
    <travel_mode>DRIVING</travel_mode>
    <start_location>
     <lat>42.3908950</lat>
     <lng>-71.0826483</lng>
    </start_location>
    <end_location>
     <lat>42.4080669</lat>
     <lng>-71.1011125</lng>
    </end_location>
    <polyline>
     <points>cnvaGpizpLCP?@[Z]\a@ZEBYTUPC@CBEDWR]ZIFq@l@aAt@}@v@e@j@GFSTc@n@_@h@SZGJKRQVYd@INEHGHILCBOVi@z@OV?@E^KLg@r@]f@OVGLMRo@`Ai@v@k@|@A?]f@Y`@yClEY`@Y`@}@rACBEFGHy@lAOPwC`E[`@i@p@_@`@m@v@MLuAzAwAtACB}@x@_Av@MJu@p@C@cA~@}BnBcBxA}ArAg@b@o@l@i@`@MHURmB`BSNCB}CnCwBhBA@yBlBOLwBnB_@\gA~@</points>
    </polyline>
    <duration>
     <value>98</value>
     <text>2 mins</text>
    </duration>
    <html_instructions>Merge onto &lt;b&gt;I-93 N&lt;/b&gt; via the ramp on the &lt;b&gt;left&lt;/b&gt; to &lt;b&gt;Lawrence&lt;/b&gt;</html_instructions>
    <distance>
     <value>2453</value>
     <text>1.5 mi</text>
    </distance>
    <maneuver>ramp-left</maneuver>
   </step>
   <step>
    <travel_mode>DRIVING</travel_mode>
    <start_location>
     <lat>42.4080669</lat>
     <lng>-71.1011125</lng>
    </start_location>
    <end_location>
     <lat>42.4147393</lat>
     <lng>-71.1313878</lng>
    </end_location>
    <polyline>
     <points>myyaG||}pLWCIDEBKFyAn@o@PMDA@u@Lg@DM?[?w@Cy@Ig@CMA[Ic@?wBMk@Ca@@UDc@JC@k@ROHYRIFONOLGDOTOTQ\MZMZM`@?@aA`FYxAWpAGTMj@K\Ob@Qb@KTW`@]j@KPo@`AKRCBU`@Yd@_AzAINw@lAKPq@dAWb@S\CFGL[z@Md@Mj@CFUfAYpACPCHGXI`@GRABGTELGNEJMTGNGJMPKPEDILMRCHQZGTCNMl@Mj@I^?@CHCNAJANQf@GNQb@MVCFU`@GJGNIRIREPENG`@EP?BAFCZABAZATAb@Cp@@BAV?PCbBCx@?r@GhDAf@GpDEdDA\CtBEtD?RAr@AZ?f@Bh@@n@BP@\B^@h@?d@Cl@An@?n@?P?T?L@V@VB\B\D^Db@Fj@Jh@BJLd@FVLZHPNXR\TX\ZFBH@JBJBB@PFFLBDBHDLF`@FZH^H\DJBJDJBHJVJVBDJTXj@JPVb@PXV`@PVPXNTd@j@XZp@l@p@j@t@r@|@|@\\NNDPVb@DF@@FD</points>
    </polyline>
    <duration>
     <value>329</value>
     <text>5 mins</text>
    </duration>
    <html_instructions>Take exit &lt;b&gt;22&lt;/b&gt; to merge onto &lt;b&gt;MA-16 W&lt;/b&gt;/&lt;wbr/&gt;&lt;b&gt;Mystic Valley Pkwy&lt;/b&gt; toward &lt;b&gt;Arlington&lt;/b&gt;</html_instructions>
    <distance>
     <value>3401</value>
     <text>2.1 mi</text>
    </distance>
    <maneuver>ramp-right</maneuver>
   </step>
   <step>
    <travel_mode>DRIVING</travel_mode>
    <start_location>
     <lat>42.4147393</lat>
     <lng>-71.1313878</lng>
    </start_location>
    <end_location>
     <lat>42.3982572</lat>
     <lng>-71.1416168</lng>
    </end_location>
    <polyline>
     <points>cc{aGdzcqLBFBDDBD@B?DA@A@ADE?A@EXO`@OR?\@`@@v@@L?J?DAXCPCLCJCXITITENELCTEFC`AEbA@t@Dr@@l@A@AXCPC\Ed@M`@KfB_@N?D?RAV@L@B@D?LDLD\RJHHDVTFFFDLPFH@BPVFHHJLXBH\`Ab@bAP\BDR`@\l@@@LPFLTX@BJJFFFFPPDDDDVRz@r@RPPLPHPJHDB@FBJDNDRFTDTDNBN@N@L?R?j@ApBCH?`BC`A?v@AR?N?P@H@XDFBJBPHJDLHLJLJJJRRLPVXLNHH`@^JHFBl@h@PNFDHFf@b@LLLNfAlALLLLTXNZN\J\HVBNDPDRBPBPBZBX@^Bb@Bl@@f@@Z@X@PDf@Df@BJBNF^JZNh@P^P\RZr@|@JNXTHFJHVNNLHHPRJT</points>
    </polyline>
    <duration>
     <value>266</value>
     <text>4 mins</text>
    </duration>
    <html_instructions>At the traffic circle, take the &lt;b&gt;2nd&lt;/b&gt; exit onto &lt;b&gt;MA-16 W&lt;/b&gt;/&lt;wbr/&gt;&lt;b&gt;Alewife Brook Pkwy&lt;/b&gt;</html_instructions>
    <distance>
     <value>2288</value>
     <text>1.4 mi</text>
    </distance>
    <maneuver>roundabout-right</maneuver>
   </step>
   <step>
    <travel_mode>DRIVING</travel_mode>
    <start_location>
     <lat>42.3982572</lat>
     <lng>-71.1416168</lng>
    </start_location>
    <end_location>
     <lat>42.4216420</lat>
     <lng>-71.2272487</lng>
    </end_location>
    <polyline>
     <points>c|waGbzeqLTn@V|@DPBP?V@P?TKXi@`COr@?BERCJEVENALABCLQbAKf@ADMj@Qz@[rA?BYpAKl@GTi@dCAFKb@EXENCHuBfKADUfAm@xCaAzEQv@Ib@Kd@IXENERK^Oh@ITsA|DmA|CQf@g@pAKRa@bAABIRCFKVSb@Wh@Qb@[l@w@|A}AzCW^o@lAUf@KXWp@a@vAERGRI^UjAc@~Be@dCKf@CNI`@SfAShAA?EZA@CPI\G\CPWvAWlA]nBGXYnAk@`CuAdFqA`Fe@dBCF{@bDy@tC_@xAsApF_AdEw@~DaAtFEP_AhGa@jDOzAGl@a@hEUbCa@dEKbAM~@AFGd@Kn@M|@]tBABc@xBk@dC]tAMf@ADYhAQp@EPKb@i@vBeA`Em@bCGTSp@_AzC{@lCCJK\u@|BITGRWx@KXSl@Od@Oh@?@]jASt@[hAg@vBE\I`@[~Ag@bCy@nEEVGf@W`B_@pBSnAI`@ENCRSnAi@nDE\Gb@YlCEXI~@Ix@QbCEr@Cd@Cd@Ep@Ez@E`ACp@G~BA`@?BChCAd@A\GpCIvFGnF?FGdD?RA`@Ax@AV?JCr@EhAEt@Cf@I`AEl@MrAGf@Eh@QfBOrAMjAIp@?@ALGf@AFe@dDIh@QdAY`Ba@rBa@dBEPGXU`AmAdEaA`DENOd@ITCHYr@KXSn@AB_@jAMd@Sp@Or@YvASrAQhAKbAEn@Gp@E|@Cd@Cx@An@Ah@CxACfB?b@?^</points>
    </polyline>
    <duration>
     <value>298</value>
     <text>5 mins</text>
    </duration>
    <html_instructions>Merge onto &lt;b&gt;MA-2 W&lt;/b&gt; via the ramp to &lt;b&gt;Concord&lt;/b&gt;</html_instructions>
    <distance>
     <value>7607</value>
     <text>4.7 mi</text>
    </distance>
    <maneuver>ramp-right</maneuver>
   </step>
   <step>
    <travel_mode>DRIVING</travel_mode>
    <start_location>
     <lat>42.4216420</lat>
     <lng>-71.2272487</lng>
    </start_location>
    <end_location>
     <lat>42.4473497</lat>
     <lng>-71.2271531</lng>
    </end_location>
    <polyline>
     <points>gn|aGhqvqLGVCPATAr@At@Ch@AN?@Eb@WlEM`BSzCARCNCLCJEHCDADGHEDEDGDC@MHs@La@E]GQ@SFs@Ik@GC?e@ESAkAKOAaBO]CE?{@GWAkAKA?[CaAGKASAo@Gi@ESAa@E[Ak@E[@M?I@YBGBG@I@C@YHc@NC@s@TOFoAb@UJA?WL[PKFSJUNe@Xc@Xy@d@uBnA]Rc@VMHULk@\C@c@VQJ[RSJQFKDGDYJa@LWFYHWDOBeARgARQDo@LC@_@FA@}@NGBu@NIBG@QDUD_@FSDWBWBS@OBQ@s@Fm@DO@{@Fe@DY@S@E?IAE?EAMAEAGCMEGEKEIIYWCCMMWY}@_AMOQOa@_@USQKMIQIAAOGYIg@MWISGEC}@g@QOo@c@YW]c@k@u@a@m@o@}@q@{@_@c@ACYYUY_A_A[[GEUSc@_@k@e@]YcAw@c@][WQKCC_@Qa@MeAYiAW_@IMCUGEAKEQGQKKEKIUQQOk@i@aA{@CCu@q@CC]Y][</points>
    </polyline>
    <duration>
     <value>316</value>
     <text>5 mins</text>
    </duration>
    <html_instructions>Take exit &lt;b&gt;129B&lt;/b&gt; to merge onto &lt;b&gt;Waltham St&lt;/b&gt; toward &lt;b&gt;Lexington&lt;/b&gt;&lt;div style=&quot;font-size:0.9em&quot;&gt;Pass by The UPS Store (on the left in 1.2&amp;nbsp;mi)&lt;/div&gt;</html_instructions>
    <distance>
     <value>3392</value>
     <text>2.1 mi</text>
    </distance>
    <maneuver>ramp-right</maneuver>
   </step>
   <step>
    <travel_mode>DRIVING</travel_mode>
    <start_location>
     <lat>42.4473497</lat>
     <lng>-71.2271531</lng>
    </start_location>
    <end_location>
     <lat>42.4488223</lat>
     <lng>-71.2298603</lng>
    </end_location>
    <polyline>
     <points>}nabGtpvqLg@nAGJu@fBe@bAYr@Q`@EJABGNWl@]r@A@Q`@SX</points>
    </polyline>
    <duration>
     <value>49</value>
     <text>1 min</text>
    </duration>
    <html_instructions>Turn &lt;b&gt;left&lt;/b&gt; onto &lt;b&gt;Massachusetts Ave&lt;/b&gt;</html_instructions>
    <distance>
     <value>276</value>
     <text>0.2 mi</text>
    </distance>
    <maneuver>turn-left</maneuver>
   </step>
   <step>
    <travel_mode>DRIVING</travel_mode>
    <start_location>
     <lat>42.4488223</lat>
     <lng>-71.2298603</lng>
    </start_location>
    <end_location>
     <lat>42.4456767</lat>
     <lng>-71.2629326</lng>
    </end_location>
    <polyline>
     <points>cxabGrawqL?L?L?H?HAFEXGR]lAQj@_@vAMl@I^CLE\APCPANAXAj@?\?LLlF@VBdA?j@BzB?d@@\@X@NBLHp@H`@Fb@D^Ht@DZ^tC@HNrAP|AL`ALjAHt@NzAHv@Fh@?BHl@@HHb@F\ZbBNn@Ln@Ln@Hd@Hf@B^@^?v@?v@A~@?r@?b@Bf@Df@BZHh@DX@DHf@f@fCP|@F\D\BTBZ?T?J?HCj@E~@?T?J?P@Z@\Hz@Dt@Dh@@P?F@p@?f@@DE|BA\?Z?B@T?ZPtCBh@@TDdA?^@NAf@Cd@Ed@Eh@APEh@Eh@Gx@AT?N?@?Z?\@TB`@B^H~@Dt@BVDb@Fv@F^FX@FDNFRJ^BJd@pADJL\Pf@Rh@?@DNFV@@DPBT@DBP@R@H@P@\?@?j@?`@AP?BEj@?L]jG?DAN?R?P@\@\DZHZ@FDHL\DFJRJN@@\h@</points>
    </polyline>
    <duration>
     <value>251</value>
     <text>4 mins</text>
    </duration>
    <html_instructions>Turn &lt;b&gt;left&lt;/b&gt; to stay on &lt;b&gt;Massachusetts Ave&lt;/b&gt;</html_instructions>
    <distance>
     <value>2822</value>
     <text>1.8 mi</text>
    </distance>
    <maneuver>turn-left</maneuver>
   </step>
   <step>
    <travel_mode>DRIVING</travel_mode>
    <start_location>
     <lat>42.4456767</lat>
     <lng>-71.2629326</lng>
    </start_location>
    <end_location>
     <lat>42.4531621</lat>
     <lng>-71.3097617</lng>
    </end_location>
    <polyline>
     <points>odabGhp}qLwAtBa@l@SVmC|Da@f@AD_@z@GRKd@Ib@Il@UnB]`DCTGr@KvAAJGt@MrBQxBEj@[|DEd@O~A?HI~@OfBKpAErAEzACrAErBGzAA`@C|@ErAE~AG~BAhA?f@B^Bb@H|@Df@Jx@H|@Df@Dh@@T@Z@T?N?hC@hC@jA?`C?dB?J?n@?lBBtDBxA?T?nA@N?P?TAVCTCTGd@Or@AB]vAGXUv@ABSh@AFMXUl@Wj@e@z@u@rAWj@c@~@Sj@A@Sf@ABY~@Wz@Ux@IZADMd@?@Ib@Gj@Gx@A@GbAEd@Gt@AHIfACVEj@IjA[hEKbBOvBAHYzDMbBEn@Ej@s@~JQhCGn@GfAIfA_@zEEv@C\APCZ?FCf@ARGrAE|@?JAVEz@KdCKnCG~A?@[pIA^APEzACr@?T</points>
    </polyline>
    <duration>
     <value>236</value>
     <text>4 mins</text>
    </duration>
    <html_instructions>Turn &lt;b&gt;right&lt;/b&gt; onto &lt;b&gt;MA-2A W&lt;/b&gt;/&lt;wbr/&gt;&lt;b&gt;Marrett Rd&lt;/b&gt;&lt;div style=&quot;font-size:0.9em&quot;&gt;Continue to follow MA-2A W&lt;/div&gt;</html_instructions>
    <distance>
     <value>4042</value>
     <text>2.5 mi</text>
    </distance>
    <maneuver>turn-right</maneuver>
   </step>
   <step>
    <travel_mode>DRIVING</travel_mode>
    <start_location>
     <lat>42.4531621</lat>
     <lng>-71.3097617</lng>
    </start_location>
    <end_location>
     <lat>42.4602875</lat>
     <lng>-71.3485140</lng>
    </end_location>
    <polyline>
     <points>gsbbG~tfrLKRELMf@S`AW`AIRGPKVWh@uAtCsAlC[t@Qn@_@hAk@jBO`@Qb@ILa@t@wAjCo@fAo@hAi@z@Wf@Ub@EJIPMZOh@Sl@K^K^Mp@CJANEVCZA\EpACh@CZA\EZCPIh@I`@GVWdAMb@GRo@`CQh@e@bB}@xCMb@Uz@ADOx@QnAEl@AZAn@HhAHfADj@?@@R?T?D?RA\CnAAPC|@Cx@An@Cr@?d@AX?V?f@?^@l@Bv@BhADpADhAFp@JjALdBPrBFh@LtAH|@FxA@LB\?D@`@Bp@?r@@|@Bl@@^D^BXJf@DZXpAHd@BRF`@B^@RBx@BjAFtBBdAFzAXhFLnBBp@?N?J?d@?FC`AM|CMrBIt@OlAI`ACXOhAETStAO~@O`@GNQZc@l@i@|@[f@q@fAMVKXa@nAc@hAO^KXMRIN</points>
    </polyline>
    <duration>
     <value>240</value>
     <text>4 mins</text>
    </duration>
    <html_instructions>Slight &lt;b&gt;right&lt;/b&gt; onto &lt;b&gt;Lexington Rd&lt;/b&gt;</html_instructions>
    <distance>
     <value>3474</value>
     <text>2.2 mi</text>
    </distance>
    <maneuver>turn-slight-right</maneuver>
   </step>
   <step>
    <travel_mode>DRIVING</travel_mode>
    <start_location>
     <lat>42.4602875</lat>
     <lng>-71.3485140</lng>
    </start_location>
    <end_location>
     <lat>42.4607860</lat>
     <lng>-71.3488390</lng>
    </end_location>
    <polyline>
     <points>y_dbGdgnrLa@JEDe@b@UJ</points>
    </polyline>
    <duration>
     <value>9</value>
     <text>1 min</text>
    </duration>
    <html_instructions>Continue onto &lt;b&gt;MA-62 E&lt;/b&gt;</html_instructions>
    <distance>
     <value>62</value>
     <text>203 ft</text>
    </distance>
   </step>
   <step>
    <travel_mode>DRIVING</travel_mode>
    <start_location>
     <lat>42.4607860</lat>
     <lng>-71.3488390</lng>
    </start_location>
    <end_location>
     <lat>42.4614275</lat>
     <lng>-71.3493778</lng>
    </end_location>
    <polyline>
     <points>}bdbGfinrLuAhAi@`@</points>
    </polyline>
    <duration>
     <value>12</value>
     <text>1 min</text>
    </duration>
    <html_instructions>Continue straight onto &lt;b&gt;Monument Square&lt;/b&gt;</html_instructions>
    <distance>
     <value>84</value>
     <text>276 ft</text>
    </distance>
    <maneuver>straight</maneuver>
   </step>
   <step>
    <travel_mode>DRIVING</travel_mode>
    <start_location>
     <lat>42.4614275</lat>
     <lng>-71.3493778</lng>
    </start_location>
    <end_location>
     <lat>42.4603870</lat>
     <lng>-71.3489306</lng>
    </end_location>
    <polyline>
     <points>}fdbGrlnrLTx@~AcAJIf@[PQRW</points>
    </polyline>
    <duration>
     <value>24</value>
     <text>1 min</text>
    </duration>
    <html_instructions>Turn &lt;b&gt;left&lt;/b&gt; onto &lt;b&gt;MA-62 W&lt;/b&gt;</html_instructions>
    <distance>
     <value>148</value>
     <text>486 ft</text>
    </distance>
    <maneuver>turn-left</maneuver>
   </step>
   <duration>
    <value>2987</value>
    <text>50 mins</text>
   </duration>
   <distance>
    <value>35386</value>
    <text>22.0 mi</text>
   </distance>
   <start_location>
    <lat>42.3597872</lat>
    <lng>-71.0598473</lng>
   </start_location>
   <end_location>
    <lat>42.4603870</lat>
    <lng>-71.3489306</lng>
   </end_location>
   <start_address>Boston, MA, USA</start_address>
   <end_address>Concord, MA, USA</end_address>
   <duration_in_traffic>
    <value>3397</value>
    <text>57 mins</text>
   </duration_in_traffic>
   <via_waypoint>
    <location>
     <lat>42.3781732</lat>
     <lng>-71.0602489</lng>
    </location>
    <step_index>6</step_index>
    <step_interpolation>0.2067887</step_interpolation>
   </via_waypoint>
   <via_waypoint>
    <location>
     <lat>42.4473497</lat>
     <lng>-71.2271531</lng>
    </location>
    <step_index>15</step_index>
    <step_interpolation>1.0000000</step_interpolation>
   </via_waypoint>
  </leg>
  <copyrights>Map data ©2021</copyrights>
  <overview_polyline>
   <points>ukpaG`{upL}B|AkAbBe@jA[WQU{BsFmBeFi@wBm@cCUe@[]WKs@hA}BxB_@^UVy@NSJkAH}DHaDJy@b@UTgA`Ao@t@Ql@]n@[RwGtDiAl@q@Ho@Ti@b@gA^WBQEo@eAiAkBmB}CsAqBuAoBm@m@m@w@qBcC{CmEu@wAqA_BsAyAKX]r@yA|Cc@dCiBnHwCrLgDxMoMb\cJjU}@jCYj@e@R}@p@o@b@yAQUL]^Mv@B`@`@t@|@ZLd@Cr@iBbFs@dBoJtLkStY{@t@CR{AtAyBfB{DbDeBxBcC|D_BhCQl@eAzAuAzBcInLkIlLsClD_EbEgK`JuM`LqPzNgB|AWCuB`A_AXgCRkKo@_BT_Bx@w@x@}@jBcDpOeA~BeBrCsF|Iw@vA{@tCqAdG{@tBi@v@k@nAs@pDm@jBo@lAu@pCOrDq@zf@JhC@|CDbFVlCd@rBz@dBr@t@PDZHXTFN^jBRt@vA~CrAvB`BvBvEjEl@l@\t@RVRJj@c@t@O~@BvA?jCi@z@SdCChBFzAKlE_AfBH`Ah@t@t@b@n@x@pBbCxEpAvAjDdCbCh@|JGlB?j@Jv@\z@v@|@dAbBvA|DzDbA`B^vA^~EZzEt@dCdBfCfAv@v@`Ar@~BDpA{AzGiExSmG~ZyAhGuGfQkDpH{DpHkAvDkC~MgA|FqAfHcDpMwDrNmFfT_EpU{A~NuBhRoBxJgAlE}ElRkFtPmCdJsAvGoBrK}ChRyAzOg@nMa@rYWvLgAzMyAvLwAdIeArEyEjOcAdDqApGk@nFOlEInGM~AIbDk@tI]lEO`@[ZQJuAFo@EgAAiBOaKw@mF_@eCKy@H{C~@_C|@qAt@_JlFsDpB{Af@gCf@uFfA{Dr@{Fb@}BBc@Qs@k@mEgE_DgAeC_BeC_DcCaDkCoCoGgFwAo@}D_Ay@W_Am@yFeF_ElJ_ArBe@z@?ZGt@wAdFa@xBIlATjQDlB^dCfBdOdAzJlBbKFnJXfCdArFTlBCvAErBRjDHtBEhE^lJC|BSjCMzEp@jIrAnEhAlDP|Be@nL?rAR|Ad@bALP\h@wAtBu@dAoDdFu@zBaBpO_B|Sk@lIW~JQrGEpGv@hJFhSHnPEtA]rB}@lDy@xBkCfFmAtCcBbGs@tHyE|p@aAvNg@rL}@dW}AhGmEdJyBzGk@rAyErI}ArC{@dCi@|BM`BOtD]xB{E~Pu@~C[hEZbGU`KLzJnA`P\pILjDn@nDXzBPnGr@zNBrB_@zIg@~Ey@tFmAzBeCdEaBrEYl@k@ZwC~Bi@`@Tx@jBmAlAeA</points>
  </overview_polyline>
  <bounds>
   <southwest>
    <lat>42.3597872</lat>
    <lng>-71.3496743</lng>
   </southwest>
   <northeast>
    <lat>42.4614275</lat>
    <lng>-71.0552091</lng>
   </northeast>
  </bounds>
 </route>
 <geocoded_waypoint>
  <geocoder_status>OK</geocoder_status>
  <type>locality</type>
  <type>political</type>
  <place_id>ChIJGzE9DS1l44kRoOhiASS_fHg</place_id>
 </geocoded_waypoint>
 <geocoded_waypoint>
  <geocoder_status>OK</geocoder_status>
  <type>neighborhood</type>
  <type>political</type>
  <place_id>ChIJGwVKWe5w44kRcr4b9E25-Go</place_id>
 </geocoded_waypoint>
 <geocoded_waypoint>
  <geocoder_status>OK</geocoder_status>
  <type>locality</type>
  <type>political</type>
  <place_id>ChIJy1hS39qd44kRzRM2FsiFNoU</place_id>
 </geocoded_waypoint>
 <geocoded_waypoint>
  <geocoder_status>OK</geocoder_status>
  <type>locality</type>
  <type>political</type>
  <place_id>ChIJ9SKkJkCa44kRkKR4K5p3zlg</place_id>
 </geocoded_waypoint>
</DirectionsResponse>
<!-- [END maps_http_directions_boston_concord_waypoints_now_response] -->
