<?xml version="1.0" encoding="UTF-8"?>
<!-- [START maps_http_directions_plus_codes_response] -->
<DirectionsResponse>
 <status>OK</status>
 <route>
  <summary>Maa Flyover</summary>
  <leg>
   <step>
    <travel_mode>DRIVING</travel_mode>
    <start_location>
     <lat>22.5850655</lat>
     <lng>88.3468857</lng>
    </start_location>
    <end_location>
     <lat>22.5856507</lat>
     <lng>88.3441553</lng>
    </end_location>
    <polyline>
     <points>uczhCagfzOKv@k@lDIn@Gd@YnBId@EfA?F</points>
    </polyline>
    <duration>
     <value>35</value>
     <text>1 min</text>
    </duration>
    <html_instructions>Head &lt;b&gt;west&lt;/b&gt; on &lt;b&gt;New Howrah Bridge Approach Rd&lt;/b&gt;/&lt;wbr/&gt;&lt;b&gt;Rabindra Setu&lt;/b&gt; toward &lt;b&gt;HM Basu Rd&lt;/b&gt;/&lt;wbr/&gt;&lt;b&gt;Maulana Abul Kalam Azad Rd&lt;/b&gt;</html_instructions>
    <distance>
     <value>288</value>
     <text>0.3 km</text>
    </distance>
   </step>
   <step>
    <travel_mode>DRIVING</travel_mode>
    <start_location>
     <lat>22.5856507</lat>
     <lng>88.3441553</lng>
    </start_location>
    <end_location>
     <lat>22.5849258</lat>
     <lng>88.3419869</lng>
    </end_location>
    <polyline>
     <points>igzhC_vezONNHHB@FDFB@@V@T?bAE`@BHBBBB@@@@BB@BD@DHT@B?F?HANCNEPELEPGNUt@SbAEj@CVGTCH</points>
    </polyline>
    <duration>
     <value>59</value>
     <text>1 min</text>
    </duration>
    <html_instructions>&lt;b&gt;New Howrah Bridge Approach Rd&lt;/b&gt;/&lt;wbr/&gt;&lt;b&gt;Rabindra Setu&lt;/b&gt; turns &lt;b&gt;left&lt;/b&gt; and becomes &lt;b&gt;Howrah Station Rd&lt;/b&gt;</html_instructions>
    <distance>
     <value>338</value>
     <text>0.3 km</text>
    </distance>
   </step>
   <step>
    <travel_mode>DRIVING</travel_mode>
    <start_location>
     <lat>22.5849258</lat>
     <lng>88.3419869</lng>
    </start_location>
    <end_location>
     <lat>22.5852717</lat>
     <lng>88.3411696</lng>
    </end_location>
    <polyline>
     <points>ybzhCmhezOU^M^_@bB</points>
    </polyline>
    <duration>
     <value>24</value>
     <text>1 min</text>
    </duration>
    <html_instructions>Slight &lt;b&gt;right&lt;/b&gt; to stay on &lt;b&gt;Howrah Station Rd&lt;/b&gt;</html_instructions>
    <distance>
     <value>93</value>
     <text>93 m</text>
    </distance>
    <maneuver>turn-slight-right</maneuver>
   </step>
   <step>
    <travel_mode>DRIVING</travel_mode>
    <start_location>
     <lat>22.5852717</lat>
     <lng>88.3411696</lng>
    </start_location>
    <end_location>
     <lat>22.5865951</lat>
     <lng>88.3417004</lng>
    </end_location>
    <polyline>
     <points>}dzhCicezOoAYAAsAa@KEMEiA_@</points>
    </polyline>
    <duration>
     <value>68</value>
     <text>1 min</text>
    </duration>
    <html_instructions>Turn &lt;b&gt;right&lt;/b&gt; onto &lt;b&gt;Mukharam Kanoria Rd.&lt;/b&gt;</html_instructions>
    <distance>
     <value>157</value>
     <text>0.2 km</text>
    </distance>
    <maneuver>turn-right</maneuver>
   </step>
   <step>
    <travel_mode>DRIVING</travel_mode>
    <start_location>
     <lat>22.5865951</lat>
     <lng>88.3417004</lng>
    </start_location>
    <end_location>
     <lat>22.5859140</lat>
     <lng>88.3441885</lng>
    </end_location>
    <polyline>
     <points>gmzhCsfezOR}@DWLgA@_@JoARsAHc@HUBIDOP]HQDK</points>
    </polyline>
    <duration>
     <value>62</value>
     <text>1 min</text>
    </duration>
    <html_instructions>Turn &lt;b&gt;right&lt;/b&gt; onto &lt;b&gt;Hari Bose Mohan Rd&lt;/b&gt;/&lt;wbr/&gt;&lt;b&gt;HM Basu Rd&lt;/b&gt;/&lt;wbr/&gt;&lt;b&gt;Maulana Abul Kalam Azad Rd&lt;/b&gt;</html_instructions>
    <distance>
     <value>269</value>
     <text>0.3 km</text>
    </distance>
    <maneuver>turn-right</maneuver>
   </step>
   <step>
    <travel_mode>DRIVING</travel_mode>
    <start_location>
     <lat>22.5859140</lat>
     <lng>88.3441885</lng>
    </start_location>
    <end_location>
     <lat>22.5841119</lat>
     <lng>88.3496899</lng>
    </end_location>
    <polyline>
     <points>}hzhCevezOHQL]JYFa@Fa@LgAJe@Hc@Hg@`@sCXoBRoARgAXoBHe@XkBDUDSDO?CDELGHIBCFCFADAXC</points>
    </polyline>
    <duration>
     <value>86</value>
     <text>1 min</text>
    </duration>
    <html_instructions>Continue onto &lt;b&gt;New Howrah Bridge Approach Rd&lt;/b&gt;/&lt;wbr/&gt;&lt;b&gt;Rabindra Setu&lt;/b&gt;</html_instructions>
    <distance>
     <value>618</value>
     <text>0.6 km</text>
    </distance>
   </step>
   <step>
    <travel_mode>DRIVING</travel_mode>
    <start_location>
     <lat>22.5841119</lat>
     <lng>88.3496899</lng>
    </start_location>
    <end_location>
     <lat>22.5839803</lat>
     <lng>88.3496888</lng>
    </end_location>
    <polyline>
     <points>u}yhCqxfzOT?B?</points>
    </polyline>
    <duration>
     <value>2</value>
     <text>1 min</text>
    </duration>
    <html_instructions>Slight &lt;b&gt;right&lt;/b&gt; onto &lt;b&gt;Brabourne Rd&lt;/b&gt;/&lt;wbr/&gt;&lt;b&gt;New Howrah Bridge Approach Rd&lt;/b&gt;</html_instructions>
    <distance>
     <value>15</value>
     <text>15 m</text>
    </distance>
    <maneuver>turn-slight-right</maneuver>
   </step>
   <step>
    <travel_mode>DRIVING</travel_mode>
    <start_location>
     <lat>22.5839803</lat>
     <lng>88.3496888</lng>
    </start_location>
    <end_location>
     <lat>22.5805008</lat>
     <lng>88.3510116</lng>
    </end_location>
    <polyline>
     <points>{|yhCqxfzOj@ARA`AGd@EJAt@?P?J@NBRFRHn@Vr@TXH`@JPB@?F?B?DAFCDCBCDCDK@EHO`@kADMd@sA`@iAJWJO</points>
    </polyline>
    <duration>
     <value>65</value>
     <text>1 min</text>
    </duration>
    <html_instructions>Continue straight onto &lt;b&gt;Brabourne Rd&lt;/b&gt;/&lt;wbr/&gt;&lt;b&gt;Brabourne Flyover&lt;/b&gt;/&lt;wbr/&gt;&lt;b&gt;New Howrah Bridge Approach Rd&lt;/b&gt;&lt;div style=&quot;font-size:0.9em&quot;&gt;Continue to follow Brabourne Rd/&lt;wbr/&gt;New Howrah Bridge Approach Rd&lt;/div&gt;</html_instructions>
    <distance>
     <value>500</value>
     <text>0.5 km</text>
    </distance>
    <maneuver>straight</maneuver>
   </step>
   <step>
    <travel_mode>DRIVING</travel_mode>
    <start_location>
     <lat>22.5805008</lat>
     <lng>88.3510116</lng>
    </start_location>
    <end_location>
     <lat>22.5779451</lat>
     <lng>88.3524616</lng>
    </end_location>
    <polyline>
     <points>cgyhCy`gzOFUNi@Ne@L_@JQHOJIJGDENITIFC`@Qt@UNCHCb@EfBInAGVA</points>
    </polyline>
    <duration>
     <value>69</value>
     <text>1 min</text>
    </duration>
    <html_instructions>Keep &lt;b&gt;left&lt;/b&gt; to stay on &lt;b&gt;Brabourne Rd&lt;/b&gt;/&lt;wbr/&gt;&lt;b&gt;New Howrah Bridge Approach Rd&lt;/b&gt;</html_instructions>
    <distance>
     <value>350</value>
     <text>0.4 km</text>
    </distance>
    <maneuver>keep-left</maneuver>
   </step>
   <step>
    <travel_mode>DRIVING</travel_mode>
    <start_location>
     <lat>22.5779451</lat>
     <lng>88.3524616</lng>
    </start_location>
    <end_location>
     <lat>22.5773333</lat>
     <lng>88.3523842</lng>
    </end_location>
    <polyline>
     <points>ewxhC{igzOLAX?P@VDh@H</points>
    </polyline>
    <duration>
     <value>21</value>
     <text>1 min</text>
    </duration>
    <html_instructions>Keep &lt;b&gt;left&lt;/b&gt; to stay on &lt;b&gt;Brabourne Rd&lt;/b&gt;/&lt;wbr/&gt;&lt;b&gt;New Howrah Bridge Approach Rd&lt;/b&gt;</html_instructions>
    <distance>
     <value>69</value>
     <text>69 m</text>
    </distance>
    <maneuver>keep-left</maneuver>
   </step>
   <step>
    <travel_mode>DRIVING</travel_mode>
    <start_location>
     <lat>22.5773333</lat>
     <lng>88.3523842</lng>
    </start_location>
    <end_location>
     <lat>22.5739140</lat>
     <lng>88.3511922</lng>
    </end_location>
    <polyline>
     <points>isxhCkigzO\DhAV~@TdB`@^J@?pA\t@PbB^LJFFnAXh@L</points>
    </polyline>
    <duration>
     <value>82</value>
     <text>1 min</text>
    </duration>
    <html_instructions>Keep &lt;b&gt;left&lt;/b&gt; to stay on &lt;b&gt;Brabourne Rd&lt;/b&gt;/&lt;wbr/&gt;&lt;b&gt;New Howrah Bridge Approach Rd&lt;/b&gt;&lt;div style=&quot;font-size:0.9em&quot;&gt;Pass by Tea Board (on the left)&lt;/div&gt;</html_instructions>
    <distance>
     <value>401</value>
     <text>0.4 km</text>
    </distance>
    <maneuver>keep-left</maneuver>
   </step>
   <step>
    <travel_mode>DRIVING</travel_mode>
    <start_location>
     <lat>22.5739140</lat>
     <lng>88.3511922</lng>
    </start_location>
    <end_location>
     <lat>22.5707731</lat>
     <lng>88.3500066</lng>
    </end_location>
    <polyline>
     <points>}}whC}agzO^t@HFHDNF\JtAX^CZE^CDAF?H@XDrDfAxBx@</points>
    </polyline>
    <duration>
     <value>65</value>
     <text>1 min</text>
    </duration>
    <html_instructions>Turn &lt;b&gt;right&lt;/b&gt; onto &lt;b&gt;Brabourne Rd&lt;/b&gt;/&lt;wbr/&gt;&lt;b&gt;New Howrah Bridge Approach Rd&lt;/b&gt;/&lt;wbr/&gt;&lt;b&gt;Old Court House St&lt;/b&gt;&lt;div style=&quot;font-size:0.9em&quot;&gt;Continue to follow Old Court House St&lt;/div&gt;&lt;div style=&quot;font-size:0.9em&quot;&gt;Pass by the church (on the left)&lt;/div&gt;</html_instructions>
    <distance>
     <value>385</value>
     <text>0.4 km</text>
    </distance>
    <maneuver>turn-right</maneuver>
   </step>
   <step>
    <travel_mode>DRIVING</travel_mode>
    <start_location>
     <lat>22.5707731</lat>
     <lng>88.3500066</lng>
    </start_location>
    <end_location>
     <lat>22.5681323</lat>
     <lng>88.3491394</lng>
    </end_location>
    <polyline>
     <points>ijwhCqzfzOpAJzHfBXFZHXJVHXP</points>
    </polyline>
    <duration>
     <value>54</value>
     <text>1 min</text>
    </duration>
    <html_instructions>Slight &lt;b&gt;left&lt;/b&gt; onto &lt;b&gt;Hemanta Basu Sarani&lt;/b&gt;/&lt;wbr/&gt;&lt;b&gt;Old Court House St&lt;/b&gt;</html_instructions>
    <distance>
     <value>308</value>
     <text>0.3 km</text>
    </distance>
    <maneuver>turn-slight-left</maneuver>
   </step>
   <step>
    <travel_mode>DRIVING</travel_mode>
    <start_location>
     <lat>22.5681323</lat>
     <lng>88.3491394</lng>
    </start_location>
    <end_location>
     <lat>22.5645396</lat>
     <lng>88.3478829</lng>
    </end_location>
    <polyline>
     <points>yyvhCcufzOPF~Bh@\HbATpBf@N@jCp@fCr@bAX</points>
    </polyline>
    <duration>
     <value>71</value>
     <text>1 min</text>
    </duration>
    <html_instructions>Continue onto &lt;b&gt;Marx Engels Beethi Rd&lt;/b&gt;&lt;div style=&quot;font-size:0.9em&quot;&gt;Pass by Eastern Railway Office and Reservation Counter (on the left)&lt;/div&gt;</html_instructions>
    <distance>
     <value>420</value>
     <text>0.4 km</text>
    </distance>
   </step>
   <step>
    <travel_mode>DRIVING</travel_mode>
    <start_location>
     <lat>22.5645396</lat>
     <lng>88.3478829</lng>
    </start_location>
    <end_location>
     <lat>22.5640879</lat>
     <lng>88.3476089</lng>
    </end_location>
    <polyline>
     <points>kcvhCgmfzORDbAl@@@</points>
    </polyline>
    <duration>
     <value>10</value>
     <text>1 min</text>
    </duration>
    <html_instructions>Continue onto &lt;b&gt;Rashmoni Ave&lt;/b&gt;</html_instructions>
    <distance>
     <value>58</value>
     <text>58 m</text>
    </distance>
   </step>
   <step>
    <travel_mode>DRIVING</travel_mode>
    <start_location>
     <lat>22.5640879</lat>
     <lng>88.3476089</lng>
    </start_location>
    <end_location>
     <lat>22.5638466</lat>
     <lng>88.3475026</lng>
    </end_location>
    <polyline>
     <points>q`vhCqkfzOn@T</points>
    </polyline>
    <duration>
     <value>4</value>
     <text>1 min</text>
    </duration>
    <html_instructions>Slight &lt;b&gt;left&lt;/b&gt; toward &lt;b&gt;Indira Gandhi Sarani&lt;/b&gt;</html_instructions>
    <distance>
     <value>29</value>
     <text>29 m</text>
    </distance>
    <maneuver>turn-slight-left</maneuver>
   </step>
   <step>
    <travel_mode>DRIVING</travel_mode>
    <start_location>
     <lat>22.5638466</lat>
     <lng>88.3475026</lng>
    </start_location>
    <end_location>
     <lat>22.5524186</lat>
     <lng>88.3432652</lng>
    </end_location>
    <polyline>
     <points>a_vhC{jfzOBA@?nAPPFZH`@HdAXF@D@NBB@NDPD`@L`@J`@L`@J`@L`@J`@J`@L`@J`@L`@J`@J`@LPDND`@LTFpHlB`Dx@lBf@fDz@lARZH`@L`@JJDJBND\H\HB@f@L^HTHhCn@fA\ZLx@`@b@\</points>
    </polyline>
    <duration>
     <value>136</value>
     <text>2 mins</text>
    </duration>
    <html_instructions>Slight &lt;b&gt;left&lt;/b&gt; onto &lt;b&gt;Indira Gandhi Sarani&lt;/b&gt;</html_instructions>
    <distance>
     <value>1346</value>
     <text>1.3 km</text>
    </distance>
    <maneuver>turn-slight-left</maneuver>
   </step>
   <step>
    <travel_mode>DRIVING</travel_mode>
    <start_location>
     <lat>22.5524186</lat>
     <lng>88.3432652</lng>
    </start_location>
    <end_location>
     <lat>22.5470468</lat>
     <lng>88.3407931</lng>
    </end_location>
    <polyline>
     <points>swshCmpezOjBl@|EbBrC`AZJbCz@tG|B^L`@R^PB@`@PBBPH</points>
    </polyline>
    <duration>
     <value>62</value>
     <text>1 min</text>
    </duration>
    <html_instructions>Slight &lt;b&gt;left&lt;/b&gt; onto &lt;b&gt;Casurina Ave&lt;/b&gt;/&lt;wbr/&gt;&lt;b&gt;Pranabananda Sarani&lt;/b&gt;</html_instructions>
    <distance>
     <value>649</value>
     <text>0.6 km</text>
    </distance>
    <maneuver>turn-slight-left</maneuver>
   </step>
   <step>
    <travel_mode>DRIVING</travel_mode>
    <start_location>
     <lat>22.5470468</lat>
     <lng>88.3407931</lng>
    </start_location>
    <end_location>
     <lat>22.5424105</lat>
     <lng>88.3405455</lng>
    </end_location>
    <polyline>
     <points>avrhC}`ezOZHLBH@J?J@l@?jF@xPZ</points>
    </polyline>
    <duration>
     <value>49</value>
     <text>1 min</text>
    </duration>
    <html_instructions>Continue onto &lt;b&gt;Hospital Rd&lt;/b&gt;</html_instructions>
    <distance>
     <value>517</value>
     <text>0.5 km</text>
    </distance>
   </step>
   <step>
    <travel_mode>DRIVING</travel_mode>
    <start_location>
     <lat>22.5424105</lat>
     <lng>88.3405455</lng>
    </start_location>
    <end_location>
     <lat>22.5410812</lat>
     <lng>88.3414913</lng>
    </end_location>
    <polyline>
     <points>ayqhCm_ezO`@KfDs@PEJGLGFEFILSIaA</points>
    </polyline>
    <duration>
     <value>24</value>
     <text>1 min</text>
    </duration>
    <html_instructions>Turn &lt;b&gt;left&lt;/b&gt; onto &lt;b&gt;Acharya Jagadish Chandra Bose Rd&lt;/b&gt;</html_instructions>
    <distance>
     <value>203</value>
     <text>0.2 km</text>
    </distance>
    <maneuver>turn-left</maneuver>
   </step>
   <step>
    <travel_mode>DRIVING</travel_mode>
    <start_location>
     <lat>22.5410812</lat>
     <lng>88.3414913</lng>
    </start_location>
    <end_location>
     <lat>22.5415431</lat>
     <lng>88.3623365</lng>
    </end_location>
    <polyline>
     <points>wpqhCieezOQwAS{AYsBOgACo@Co@Aa@Aa@Ci@Ca@Cg@AGMkB?KEs@Ac@AeAB_ADaBBs@Bs@@g@BmADyA?YHuD@e@?e@@Y?KDsBBw@@k@Bi@@_@?E@WBoB@aA?KBmBBmA@g@BkA@g@?_@@m@Bq@Bs@D{BDiA?C@mA@e@@g@@e@@g@BkA@g@?IBu@?W@g@@m@@O?U@g@@oB@w@?[A_@?OAUC_@Ca@AKESKm@AIKc@Ss@W{@Ka@</points>
    </polyline>
    <duration>
     <value>181</value>
     <text>3 mins</text>
    </duration>
    <html_instructions>Keep &lt;b&gt;right&lt;/b&gt; to continue on &lt;b&gt;Acharya Jagadish Chandra Bose Rd Flyover&lt;/b&gt;</html_instructions>
    <distance>
     <value>2159</value>
     <text>2.2 km</text>
    </distance>
    <maneuver>keep-right</maneuver>
   </step>
   <step>
    <travel_mode>DRIVING</travel_mode>
    <start_location>
     <lat>22.5415431</lat>
     <lng>88.3623365</lng>
    </start_location>
    <end_location>
     <lat>22.5404653</lat>
     <lng>88.3693217</lng>
    </end_location>
    <polyline>
     <points>ssqhCsgizOKKKQKOKWGOOc@GQw@yBa@eAa@eAOa@a@eASi@CEQg@KQACGUCMCGC[CS?c@BW@KFa@h@oAJO\e@PQ@ARUb@[\SZQ@Ab@Qn@ULEZMf@U^[PUJMRa@FQFSNk@@GH[FSBGHK</points>
    </polyline>
    <duration>
     <value>79</value>
     <text>1 min</text>
    </duration>
    <html_instructions>Slight &lt;b&gt;left&lt;/b&gt; onto &lt;b&gt;Circus Ave&lt;/b&gt;</html_instructions>
    <distance>
     <value>904</value>
     <text>0.9 km</text>
    </distance>
    <maneuver>turn-slight-left</maneuver>
   </step>
   <step>
    <travel_mode>DRIVING</travel_mode>
    <start_location>
     <lat>22.5404653</lat>
     <lng>88.3693217</lng>
    </start_location>
    <end_location>
     <lat>22.5426724</lat>
     <lng>88.3936301</lng>
    </end_location>
    <polyline>
     <points>}lqhCgsjzOh@kBDOFSNm@FYFW@EPaA@EZaB@GVeBZwBFYBUD_@VyFNkBB_@Ac@?EIu@CWCU?OAO@Y@U?MBWHiB@C@a@Be@Bg@?I@oACaA?EG_AIq@E_@G[Mm@Oi@So@[{@[aA[{@Sc@Um@M_@Wi@[eAe@oAM]Qk@Sq@IYKWi@kBYcAI]SgAMq@AII_@Gc@Ea@?CGk@EoA@_@?IBo@De@D_@DWHo@Hm@BMD_@Bi@?CBw@@a@Aq@Ca@?SE}@AOGs@Ik@o@mEs@cFIg@EYAC]_CAGk@sD</points>
    </polyline>
    <duration>
     <value>200</value>
     <text>3 mins</text>
    </duration>
    <html_instructions>Continue straight past Heineken onto &lt;b&gt;Maa Flyover&lt;/b&gt;</html_instructions>
    <distance>
     <value>2597</value>
     <text>2.6 km</text>
    </distance>
    <maneuver>straight</maneuver>
   </step>
   <step>
    <travel_mode>DRIVING</travel_mode>
    <start_location>
     <lat>22.5426724</lat>
     <lng>88.3936301</lng>
    </start_location>
    <end_location>
     <lat>22.5255758</lat>
     <lng>88.3958716</lng>
    </end_location>
    <polyline>
     <points>uzqhCekozOQc@Oc@Ki@AASwACWE]Ko@Ga@SaBKu@Ak@?s@@U@UFu@J{AFi@HYPc@V[JK\SDCXMLIPENA^EV?ZBXFPB~Dt@p@JfEl@fC\@?VF^FHBDBDDHHp@JnARb@Hn@H~G`AfARD@H@`C`@hBXlATlFx@XDhCb@|@PdBTx@Jn@H`ANfARpAPhAPZDTBX@XB^@XBZBR@X?|@CRAT?TAb@GRC^MZINERId@Qd@UxAo@</points>
    </polyline>
    <duration>
     <value>266</value>
     <text>4 mins</text>
    </duration>
    <html_instructions>Take the ramp onto &lt;b&gt;NH12&lt;/b&gt;</html_instructions>
    <distance>
     <value>2483</value>
     <text>2.5 km</text>
    </distance>
    <maneuver>ramp-left</maneuver>
   </step>
   <step>
    <travel_mode>DRIVING</travel_mode>
    <start_location>
     <lat>22.5255758</lat>
     <lng>88.3958716</lng>
    </start_location>
    <end_location>
     <lat>22.5245429</lat>
     <lng>88.4013220</lng>
    </end_location>
    <polyline>
     <points>{onhCeyozOI[EMAE?C?A?E?CHk@RaBDU@KLs@D[BYJ{@J{@Dm@FOHm@Hw@Jy@@E?CJo@?GLs@?GHk@@IDm@BM@m@Lc@ZoA</points>
    </polyline>
    <duration>
     <value>150</value>
     <text>3 mins</text>
    </duration>
    <html_instructions>Turn &lt;b&gt;left&lt;/b&gt; at Toyota Driving School Kolkata&lt;div style=&quot;font-size:0.9em&quot;&gt;Pass by Durga Tea House (on the left)&lt;/div&gt;</html_instructions>
    <distance>
     <value>578</value>
     <text>0.6 km</text>
    </distance>
    <maneuver>turn-left</maneuver>
   </step>
   <step>
    <travel_mode>DRIVING</travel_mode>
    <start_location>
     <lat>22.5245429</lat>
     <lng>88.4013220</lng>
    </start_location>
    <end_location>
     <lat>22.5252074</lat>
     <lng>88.4016411</lng>
    </end_location>
    <polyline>
     <points>kinhCg{pzOWIaBo@KE</points>
    </polyline>
    <duration>
     <value>13</value>
     <text>1 min</text>
    </duration>
    <html_instructions>Turn &lt;b&gt;left&lt;/b&gt; at Mashi Pintu Petrol onto &lt;b&gt;Service Rd&lt;/b&gt;&lt;div style=&quot;font-size:0.9em&quot;&gt;Pass by Dhalai pool (on the left)&lt;/div&gt;&lt;div style=&quot;font-size:0.9em&quot;&gt;Destination will be on the right&lt;/div&gt;</html_instructions>
    <distance>
     <value>81</value>
     <text>81 m</text>
    </distance>
    <maneuver>turn-left</maneuver>
   </step>
   <duration>
    <value>1937</value>
    <text>32 mins</text>
   </duration>
   <distance>
    <value>15815</value>
    <text>15.8 km</text>
   </distance>
   <start_location>
    <lat>22.5850655</lat>
    <lng>88.3468857</lng>
   </start_location>
   <end_location>
    <lat>22.5252074</lat>
    <lng>88.4016411</lng>
   </end_location>
   <start_address>H8MW+WP Kolkata, West Bengal, India</start_address>
   <end_address>GCG2+3M Kolkata, West Bengal, India</end_address>
  </leg>
  <copyrights>Map data ©2021</copyrights>
  <overview_polyline>
   <points>uczhCagfzOiAzHc@tCEnAd@`@HDl@@bAE`@BLFJHPd@Ep@Y`AUt@SbAIbAK^U^M^_@bBoAYuAc@YKiA_@R}@R_B@_@JoARsARy@d@iAh@uAh@qDzC}Rj@eD\[XK~AEfCQfA?ZDf@PbBl@z@TRBXEHGJOr@oBfA}CVg@t@eCTa@VQr@]vAg@XGrFYf@Ah@FfANhCl@xEjAxCp@TRxBf@^t@HFXLrBd@`BOP@XDrDfAxBx@pAJtInBt@Tp@ZrFpApBf@N@rGdBvA^dAn@n@TDA`BX|@RbB`@fAZnGdB`FtAhVjGhB\bAXdAXhBb@~Cx@bBj@x@`@b@\hIpChQfG`A`@b@Rd@Tl@Rn@FxG@xPZ`@KxDy@XONOLSIaAe@sDi@{DKcDM{BUoE@eCHuCNcGJ{GRmITeOVeLNgJLaJ?sBIgBUwAcAuDW]Wg@wA_EuBsFu@iBQo@Go@B{@Hm@h@oAJOn@w@TW~AcA|B{@f@U^[\c@Zs@V_AV_AHKh@kBLc@`@eBp@qD~@mG\yGRkCAi@MmACoAZyG@yACgAQqBM{@]wAo@kBw@}Bi@qAgB_F}@uCyAeFm@cDUuBCoBBy@ZmCL{@HiAB{@?sAKcCQ_BcBqLo@eEm@{Da@gAMk@WoBm@qEMaB@iAHkAReCZ}@V[h@_@^Q^On@GV?t@JpEx@xFx@hC\v@NNFNNtEr@~G`AfARNBfPjCbDh@bDf@rFx@lEl@lBJn@DvACh@Ax@I~Aa@xDaBQs@Hw@XwBN_A`@mDDm@FOReBXsBVoBFw@D{@h@sByBy@KE</points>
  </overview_polyline>
  <bounds>
   <southwest>
    <lat>22.5245429</lat>
    <lng>88.3405455</lng>
   </southwest>
   <northeast>
    <lat>22.5865951</lat>
    <lng>88.4016411</lng>
   </northeast>
  </bounds>
 </route>
 <geocoded_waypoint>
  <geocoder_status>OK</geocoder_status>
  <type>plus_code</type>
  <place_id>GhIJwMqhRbaVNkARBFYOLTIWVkA</place_id>
 </geocoded_waypoint>
 <geocoded_waypoint>
  <geocoder_status>OK</geocoder_status>
  <type>plus_code</type>
  <place_id>GhIJm8QgsHKGNkARke18P7UZVkA</place_id>
 </geocoded_waypoint>
</DirectionsResponse>
<!-- [END maps_http_directions_plus_codes_response] -->
