<?xml version="1.0" encoding="UTF-8"?>
<!-- [START maps_http_distancematrix_response] -->
<DistanceMatrixResponse>
 <status>OK</status>
 <origin_address>Boston, MA, USA</origin_address>
 <origin_address>Charlestown, Boston, MA, USA</origin_address>
 <destination_address>Lexington, MA, USA</destination_address>
 <destination_address>Concord, MA, USA</destination_address>
 <row>
  <element>
   <status>OK</status>
   <duration>
    <value>1617</value>
    <text>27 mins</text>
   </duration>
   <distance>
    <value>33249</value>
    <text>33.2 km</text>
   </distance>
   <duration_in_traffic>
    <value>2087</value>
    <text>35 mins</text>
   </duration_in_traffic>
  </element>
  <element>
   <status>OK</status>
   <duration>
    <value>2063</value>
    <text>34 mins</text>
   </duration>
   <distance>
    <value>41294</value>
    <text>41.3 km</text>
   </distance>
   <duration_in_traffic>
    <value>2231</value>
    <text>37 mins</text>
   </duration_in_traffic>
  </element>
 </row>
 <row>
  <element>
   <status>OK</status>
   <duration>
    <value>1545</value>
    <text>26 mins</text>
   </duration>
   <distance>
    <value>31219</value>
    <text>31.2 km</text>
   </distance>
   <duration_in_traffic>
    <value>1940</value>
    <text>32 mins</text>
   </duration_in_traffic>
  </element>
  <element>
   <status>OK</status>
   <duration>
    <value>1895</value>
    <text>32 mins</text>
   </duration>
   <distance>
    <value>29594</value>
    <text>29.6 km</text>
   </distance>
   <duration_in_traffic>
    <value>2215</value>
    <text>37 mins</text>
   </duration_in_traffic>
  </element>
 </row>
</DistanceMatrixResponse>
<!-- [END maps_http_distancematrix_response] -->
