<?xml version="1.0" encoding="UTF-8"?>
<!-- [START maps_http_geocode_components_zero_results_fixed_response] -->
<GeocodeResponse>
 <status>OK</status>
 <result>
  <type>locality</type>
  <type>political</type>
  <formatted_address>Helsinki, Finland</formatted_address>
  <address_component>
   <long_name>Helsinki</long_name>
   <short_name>HKI</short_name>
   <type>locality</type>
   <type>political</type>
  </address_component>
  <address_component>
   <long_name>Finland</long_name>
   <short_name>FI</short_name>
   <type>country</type>
   <type>political</type>
  </address_component>
  <geometry>
   <location>
    <lat>60.1698557</lat>
    <lng>24.9383791</lng>
   </location>
   <location_type>APPROXIMATE</location_type>
   <viewport>
    <southwest>
     <lat>59.9224887</lat>
     <lng>24.7828758</lng>
    </southwest>
    <northeast>
     <lat>60.2978389</lat>
     <lng>25.2544849</lng>
    </northeast>
   </viewport>
   <bounds>
    <southwest>
     <lat>59.9224887</lat>
     <lng>24.7828758</lng>
    </southwest>
    <northeast>
     <lat>60.2978389</lat>
     <lng>25.2544849</lng>
    </northeast>
   </bounds>
  </geometry>
  <place_id>ChIJkQYhlscLkkYRY_fiO4S9Ts0</place_id>
 </result>
</GeocodeResponse>
<!-- [END maps_http_geocode_components_zero_results_fixed_response] -->
