<?xml version="1.0" encoding="UTF-8"?>
<!-- [START maps_http_distancematrix_place_id_response] -->
<DistanceMatrixResponse>
 <status>OK</status>
 <origin_address>Bennelong Point, Sydney NSW 2000, Australia</origin_address>
 <destination_address>Sydney NSW, Australia</destination_address>
 <row>
  <element>
   <status>OK</status>
   <duration>
    <value>480</value>
    <text>8 mins</text>
   </duration>
   <distance>
    <value>1696</value>
    <text>1.7 km</text>
   </distance>
  </element>
 </row>
</DistanceMatrixResponse>
<!-- [END maps_http_distancematrix_place_id_response] -->
