<?xml version="1.0" encoding="UTF-8"?>
<!-- [START maps_http_directions_boston_concord_waypoints_response] -->
<DirectionsResponse>
 <status>OK</status>
 <route>
  <summary>I-93 N and I-95 S</summary>
  <leg>
   <step>
    <travel_mode>DRIVING</travel_mode>
    <start_location>
     <lat>42.3597872</lat>
     <lng>-71.0598473</lng>
    </start_location>
    <end_location>
     <lat>42.3609890</lat>
     <lng>-71.0611984</lng>
    </end_location>
    <polyline>
     <points>ukpaG`{upLKDSHCBULSNUTKHMJKJIJGFIJIJGHCDMZIR[v@</points>
    </polyline>
    <duration>
     <value>37</value>
     <text>1 min</text>
    </duration>
    <html_instructions>Head &lt;b&gt;north&lt;/b&gt; on &lt;b&gt;Cambridge St&lt;/b&gt; toward &lt;b&gt;Sudbury St&lt;/b&gt;</html_instructions>
    <distance>
     <value>178</value>
     <text>0.1 mi</text>
    </distance>
   </step>
   <step>
    <travel_mode>DRIVING</travel_mode>
    <start_location>
     <lat>42.3609890</lat>
     <lng>-71.0611984</lng>
    </start_location>
    <end_location>
     <lat>42.3631759</lat>
     <lng>-71.0569388</lng>
    </end_location>
    <polyline>
     <points>espaGncvpLUSECAAEEEICCCEIMCIEI[{@Ys@M[_@_Ac@mAk@yAUk@GQEMI_@I[Om@Mk@Mk@CKCGCMEIAECECGACCGEECIIIGGEAAAQI</points>
    </polyline>
    <duration>
     <value>132</value>
     <text>2 mins</text>
    </duration>
    <html_instructions>Turn &lt;b&gt;right&lt;/b&gt; onto &lt;b&gt;Sudbury St&lt;/b&gt;</html_instructions>
    <distance>
     <value>433</value>
     <text>0.3 mi</text>
    </distance>
    <maneuver>turn-right</maneuver>
   </step>
   <step>
    <travel_mode>DRIVING</travel_mode>
    <start_location>
     <lat>42.3631759</lat>
     <lng>-71.0569388</lng>
    </start_location>
    <end_location>
     <lat>42.3643627</lat>
     <lng>-71.0582002</lng>
    </end_location>
    <polyline>
     <points>{`qaGzhupLC??@A?ABOXEFEHEFMNMNKLML[ZMLOLMJMHGDKJIHABC@QT</points>
    </polyline>
    <duration>
     <value>59</value>
     <text>1 min</text>
    </duration>
    <html_instructions>Slight &lt;b&gt;left&lt;/b&gt; onto &lt;b&gt;Cross St&lt;/b&gt;</html_instructions>
    <distance>
     <value>169</value>
     <text>0.1 mi</text>
    </distance>
    <maneuver>turn-slight-left</maneuver>
   </step>
   <step>
    <travel_mode>DRIVING</travel_mode>
    <start_location>
     <lat>42.3643627</lat>
     <lng>-71.0582002</lng>
    </start_location>
    <end_location>
     <lat>42.3708118</lat>
     <lng>-71.0614952</lng>
    </end_location>
    <polyline>
     <points>ghqaGvpupLQLg@@GDKDGFcA@M?_@A]@qBHaBH_A@KFm@ZIFEBABCDEHCDCDEDA?EDEDe@XSLIHKNELGL?@ELCNGLGNEJGDGFC@OHk@\}@h@QJGD_@Ra@R_@Rq@^OHYPEBYLIBMBK@M?K@MBIFKFIFGFGJOFMJ</points>
    </polyline>
    <duration>
     <value>155</value>
     <text>3 mins</text>
    </duration>
    <html_instructions>Turn &lt;b&gt;right&lt;/b&gt; onto &lt;b&gt;N Washington St&lt;/b&gt;</html_instructions>
    <distance>
     <value>797</value>
     <text>0.5 mi</text>
    </distance>
    <maneuver>turn-right</maneuver>
   </step>
   <step>
    <travel_mode>DRIVING</travel_mode>
    <start_location>
     <lat>42.3708118</lat>
     <lng>-71.0614952</lng>
    </start_location>
    <end_location>
     <lat>42.3762299</lat>
     <lng>-71.0552091</lng>
    </end_location>
    <polyline>
     <points>qpraGjevpLGAE@GBGBGBIDI@IBC?C?E?MACCc@s@KQKO[g@?Aa@q@Yc@MQa@s@c@s@KOk@{@S[GIw@gA]g@W]UOSWAAIOMM[_@]_@u@_AACW[OUa@e@CEQWMSKOa@s@Q]Uc@GMEG[a@QUW[KKsAyA</points>
    </polyline>
    <duration>
     <value>116</value>
     <text>2 mins</text>
    </duration>
    <html_instructions>Turn &lt;b&gt;right&lt;/b&gt; onto &lt;b&gt;Chelsea St&lt;/b&gt;</html_instructions>
    <distance>
     <value>817</value>
     <text>0.5 mi</text>
    </distance>
    <maneuver>turn-right</maneuver>
   </step>
   <step>
    <travel_mode>DRIVING</travel_mode>
    <start_location>
     <lat>42.3762299</lat>
     <lng>-71.0552091</lng>
    </start_location>
    <end_location>
     <lat>42.3770705</lat>
     <lng>-71.0570588</lng>
    </end_location>
    <polyline>
     <points>mrsaG`~tpLKXGLUd@MTYl@Yl@Wj@GNEZKn@Ih@</points>
    </polyline>
    <duration>
     <value>27</value>
     <text>1 min</text>
    </duration>
    <html_instructions>Turn &lt;b&gt;left&lt;/b&gt; onto &lt;b&gt;Vine St&lt;/b&gt;</html_instructions>
    <distance>
     <value>181</value>
     <text>0.1 mi</text>
    </distance>
    <maneuver>turn-left</maneuver>
   </step>
   <step>
    <travel_mode>DRIVING</travel_mode>
    <start_location>
     <lat>42.3770705</lat>
     <lng>-71.0570588</lng>
    </start_location>
    <end_location>
     <lat>42.3834369</lat>
     <lng>-71.0716963</lng>
    </end_location>
    <polyline>
     <points>uwsaGriupLI\Mf@IZgAlEI^YjAYjAYfAK`@Mj@YhAKZKh@Sx@W`AMf@]vA[nAW~@Ob@CJGPc@dAk@xAi@pASf@g@nAYp@s@fBm@zA]z@m@zAIPO`@g@pACFg@nAO\Sf@GPaAbCw@pBEJGNSf@Sf@KXQb@CFQd@[v@O\GNSp@</points>
    </polyline>
    <duration>
     <value>166</value>
     <text>3 mins</text>
    </duration>
    <html_instructions>Continue onto &lt;b&gt;Bunker Hill St&lt;/b&gt;</html_instructions>
    <distance>
     <value>1399</value>
     <text>0.9 mi</text>
    </distance>
   </step>
   <step>
    <travel_mode>DRIVING</travel_mode>
    <start_location>
     <lat>42.3834369</lat>
     <lng>-71.0716963</lng>
    </start_location>
    <end_location>
     <lat>42.3844810</lat>
     <lng>-71.0728220</lng>
    </end_location>
    <polyline>
     <points>o_uaGbexpLQj@O\O\ILQBSNQJWPEFMJGDEDA@_@T</points>
    </polyline>
    <duration>
     <value>25</value>
     <text>1 min</text>
    </duration>
    <html_instructions>Continue onto &lt;b&gt;Main St&lt;/b&gt;</html_instructions>
    <distance>
     <value>154</value>
     <text>0.1 mi</text>
    </distance>
   </step>
   <step>
    <travel_mode>DRIVING</travel_mode>
    <start_location>
     <lat>42.3844810</lat>
     <lng>-71.0728220</lng>
    </start_location>
    <end_location>
     <lat>42.3856915</lat>
     <lng>-71.0761434</lng>
    </end_location>
    <polyline>
     <points>_fuaGblxpLIAoAOMFGDGDGFGFEHCFA?AF?@CN?@AJ?F?H@F?F@F@B?@Xl@D@t@XF@HTBN@L?HAHCPEL[|@GJQb@ITGPENUn@GROb@ELCBCFCDCDEFOPUX</points>
    </polyline>
    <duration>
     <value>57</value>
     <text>1 min</text>
    </duration>
    <html_instructions>At the traffic circle, take the &lt;b&gt;3rd&lt;/b&gt; exit and stay on &lt;b&gt;Main St&lt;/b&gt;</html_instructions>
    <distance>
     <value>420</value>
     <text>0.3 mi</text>
    </distance>
    <maneuver>roundabout-right</maneuver>
   </step>
   <step>
    <travel_mode>DRIVING</travel_mode>
    <start_location>
     <lat>42.3856915</lat>
     <lng>-71.0761434</lng>
    </start_location>
    <end_location>
     <lat>42.3906533</lat>
     <lng>-71.0824377</lng>
    </end_location>
    <polyline>
     <points>qmuaGz`ypLe@f@s@z@MNMPU^KNk@t@ED]^GFIJGFMNy@jAq@`A_C~CkAdBSZ]h@o@`AMNuAjBc@l@Yb@[b@U`@QXW\g@r@EDIJ</points>
    </polyline>
    <duration>
     <value>83</value>
     <text>1 min</text>
    </duration>
    <html_instructions>Continue onto &lt;b&gt;Mystic Ave&lt;/b&gt;</html_instructions>
    <distance>
     <value>757</value>
     <text>0.5 mi</text>
    </distance>
   </step>
   <step>
    <travel_mode>DRIVING</travel_mode>
    <start_location>
     <lat>42.3906533</lat>
     <lng>-71.0824377</lng>
    </start_location>
    <end_location>
     <lat>42.3908950</lat>
     <lng>-71.0826483</lng>
    </end_location>
    <polyline>
     <points>qlvaGfhzpLq@h@</points>
    </polyline>
    <duration>
     <value>2</value>
     <text>1 min</text>
    </duration>
    <html_instructions>Continue straight to stay on &lt;b&gt;Mystic Ave&lt;/b&gt;</html_instructions>
    <distance>
     <value>32</value>
     <text>105 ft</text>
    </distance>
    <maneuver>straight</maneuver>
   </step>
   <step>
    <travel_mode>DRIVING</travel_mode>
    <start_location>
     <lat>42.3908950</lat>
     <lng>-71.0826483</lng>
    </start_location>
    <end_location>
     <lat>42.5025897</lat>
     <lng>-71.1188007</lng>
    </end_location>
    <polyline>
     <points>cnvaGpizpLCP?@[Z]\a@ZEBYTUPC@CBEDWR]ZIFq@l@aAt@}@v@e@j@GFSTc@n@_@h@SZGJKRQVYd@INEHGHILCBOVi@z@OV?@E^KLg@r@]f@OVGLMRo@`Ai@v@k@|@A?]f@Y`@yClEY`@Y`@}@rACBEFGHy@lAOPwC`E[`@i@p@_@`@m@v@MLuAzAwAtACB}@x@_Av@MJu@p@C@cA~@}BnBcBxA}ArAg@b@o@l@i@`@MHURmB`BSNCB}CnCwBhBA@yBlBOLwBnB_@\gA~@UPy@n@]ZsAhAkA~@{@n@a@Tw@d@aAf@IBq@X_Cp@aBXyANs@Ds@BM?oADq@Bm@@K@e@?w@@yEHu@Dc@@cABA?K?kA@gCDeFF_@?C?C?[Aw@CUAaCO[Cs@GoDSuAKc@Ec@Em@GiBKMAYCq@Eg@Ck@Em@GcAGuAIk@Ce@Cg@Au@Co@CSC[?_ACsG@i@AmGG{AEe@Aq@I{Cc@eAQq@OeAQoC_@UAOCkAGmBCi@?_BH}@FaCXyBf@_Dr@mDv@kAXMBeAVOBSDyA\g@Jm@Lu@PIBsAXi@LkB`@kBb@iB`@aATwATyARQ@i@F_AHwAFiABI?eA@m@?Q?OAS?KAqAEm@EAAc@CQAGAIAc@Gk@G_AOu@M}@QCA]GeAUkBa@wDu@IAWGaB]a@IA?cDm@_@IICkB]oAWa@I}@Qq@Oo@Mg@KmGoA_F_A{C]sAKqDM}@?eA@S?[@]@iBLaAHqAPA?a@FKB{@L_ARm@Nw@Ri@P{@V}@\{@\i@TKFm@Xw@`@{@d@_BbAuChBqBnAw@f@a@V}@j@_Al@IFiAr@kAt@_BbAeAp@aAl@[RA?YRuChB_@VYPyDbCi@\yA|@wA~@gBhAk@\?@mBhA_@VQL_JvFy@f@eBdA]TA@YPiBjAoAx@_DpBcFbDWNA?YR_Al@oCzAs@\{Ar@u@Zq@Vy@Z{@XqA`@y@TUFoAXYFkB\qARmALm@F}ALw@D}AFuADa@?c@@c@@aHJaFF[@}FJ_A@_RXsJNaCBg@@{BFw@BeADI@mAHmBPiBVaC`@w@Pw@NE@YJC?GBQDc@H</points>
    </polyline>
    <duration>
     <value>493</value>
     <text>8 mins</text>
    </duration>
    <html_instructions>Merge onto &lt;b&gt;I-93 N&lt;/b&gt; via the ramp on the &lt;b&gt;left&lt;/b&gt; to &lt;b&gt;Lawrence&lt;/b&gt;</html_instructions>
    <distance>
     <value>13363</value>
     <text>8.3 mi</text>
    </distance>
    <maneuver>ramp-left</maneuver>
   </step>
   <step>
    <travel_mode>DRIVING</travel_mode>
    <start_location>
     <lat>42.5025897</lat>
     <lng>-71.1188007</lng>
    </start_location>
    <end_location>
     <lat>42.4816663</lat>
     <lng>-71.2036636</lng>
    </end_location>
    <polyline>
     <points>ehlbGnkaqLC?i@?C?k@FI?I?GAEAEAEACACAEEAAIEEGCEGIEICICICKCKAMAO?O?O@Q@SBSBSBUDSDQFUFSDOFOFOFKJQHOHKLQJKFGHGFCDADCF?DAV?RFPJNLJPFJFPD^@V?NAN?XCx@C`@QdCAPCfA?Dm@~FYdDMlAIz@I~@I~@GdAObEEhEArC?B@h@@`@BhAF~ABt@F`BBv@JvDDbBXrJJzDJ~C@XFdCNlFBt@NfCDz@Dh@FfAH`ADv@LdBJxAVhDTnDJrAXjENdCDj@JfBPhCDn@@FNxBFv@Dh@Dz@H`An@lJZ~E?H@L@LDx@?@V|C?BHjAJvADv@T`DJlB@RTdDFt@RzCNvBTpDJ~ADl@?@Dp@J|ADn@J~AHjAPvCNfBJ|ALpABZVlCJpADZPlB`@rD?DXjCVbCFn@\jDtAtM`@~D\~CT|Bn@fG`@`E\fDRnBD\NpARrBJbANrAPhBNtAP~AFl@D`@H|@Jx@Dd@ZhCLbARpAZhBXvA@FLl@^dBd@dBb@xA\nA@DHRNf@Xx@l@`Bb@dAx@pB\p@JTXj@h@dA@Br@lAPZV`@b@r@f@t@Zb@j@x@X\z@fAPVFH~AzBf@r@^h@p@~@lA`BV`@v@bA~@pA^f@NRZ`@jAzArDjFLRr@bAT^Zd@NT~@~Ad@v@R\h@~@nA~BR\P\DHdAlBr@vALV^v@jAjC^v@b@~@N\j@tA@D\x@LZ?@jB|Ed@vA^fA`@pA`@pA@@X|@ZfA</points>
    </polyline>
    <duration>
     <value>317</value>
     <text>5 mins</text>
    </duration>
    <html_instructions>Take exit &lt;b&gt;28B&lt;/b&gt; to merge onto &lt;b&gt;I-95 S&lt;/b&gt; toward &lt;b&gt;Waltham&lt;/b&gt;</html_instructions>
    <distance>
     <value>8201</value>
     <text>5.1 mi</text>
    </distance>
    <maneuver>ramp-right</maneuver>
   </step>
   <step>
    <travel_mode>DRIVING</travel_mode>
    <start_location>
     <lat>42.4816663</lat>
     <lng>-71.2036636</lng>
    </start_location>
    <end_location>
     <lat>42.4698295</lat>
     <lng>-71.2460224</lng>
    </end_location>
    <polyline>
     <points>mehbGz}qqLX~@r@dCV|@Nj@J^XdAXhA\zAh@zBVlAVfALn@f@`CHb@b@tBBP`@lBXvAZxA~@tE`CrLLl@t@vDbAbFj@tCnBxJh@fCvAhHh@dCLv@DPRfAZlBBNXdBVhBRxAHv@NpARpBBXPnBT|BTnC`@tERlCTnCTlCVpC\jD@Rz@|Kt@fIVrDN`BPnBF`@BTBNFh@`@xCPz@Lp@Pt@Jd@Nj@ZjAPl@Lb@`@jATp@d@hAd@fAt@~ALTZj@Xj@\l@BDJPVb@@DbAhBl@hA</points>
    </polyline>
    <duration>
     <value>124</value>
     <text>2 mins</text>
    </duration>
    <html_instructions>Keep &lt;b&gt;left&lt;/b&gt; to stay on &lt;b&gt;I-95 S&lt;/b&gt;</html_instructions>
    <distance>
     <value>3750</value>
     <text>2.3 mi</text>
    </distance>
    <maneuver>keep-left</maneuver>
   </step>
   <step>
    <travel_mode>DRIVING</travel_mode>
    <start_location>
     <lat>42.4698295</lat>
     <lng>-71.2460224</lng>
    </start_location>
    <end_location>
     <lat>42.4473497</lat>
     <lng>-71.2271531</lng>
    </end_location>
    <polyline>
     <points>m{ebGrfzqLBZBLFPBL@HBH@HBH@J?N?H?N?LCJALCJGLCFEFGJIJMFGBKDI@G@G?GAE?EACAGCECEAQMOOMOMSKOGIIMEGCICGCECMCGAEAIAEAE?GAGAK?G?O?Q@Q@I@GBOFQDMXq@nBoAlBoAxBwAz@k@lBsAh@]VSBAJMl@_@ZWl@e@h@c@\YJIDCVOTMh@W`@QZOfAe@`@SLGLGd@Y\WXOVMNIXIRI\KtAc@`A[h@SPGHEPIPKNGPKXQdAm@LIp@_@TOx@e@l@]hAq@`@SVOVMj@UXKnB{@bAa@^O^SPKJGJIPMROf@e@z@u@XW~BuBzDmDpCsCvB{B`@a@PQDENM`@]\YZSpA_ALIZWt@i@hAs@r@g@l@a@VS`As@?A^UXSDCh@a@ROr@g@p@e@\Uf@_@FEJGPIXORI\KDAb@MPEf@Ol@QTGNEHEFCJGLIFEFGRYPa@@A\s@Vm@FO@CDKPa@Xs@d@cAt@gBFKf@oA</points>
    </polyline>
    <duration>
     <value>316</value>
     <text>5 mins</text>
    </duration>
    <html_instructions>Take exit &lt;b&gt;49A&lt;/b&gt; to merge onto &lt;b&gt;MA-225 E&lt;/b&gt;/&lt;wbr/&gt;&lt;b&gt;MA-4 S&lt;/b&gt;/&lt;wbr/&gt;&lt;b&gt;Bedford St&lt;/b&gt; toward &lt;b&gt;Lexington&lt;/b&gt;&lt;div style=&quot;font-size:0.9em&quot;&gt;Continue to follow MA-225 E/&lt;wbr/&gt;MA-4 S&lt;/div&gt;</html_instructions>
    <distance>
     <value>3432</value>
     <text>2.1 mi</text>
    </distance>
    <maneuver>ramp-right</maneuver>
   </step>
   <step>
    <travel_mode>DRIVING</travel_mode>
    <start_location>
     <lat>42.4473497</lat>
     <lng>-71.2271531</lng>
    </start_location>
    <end_location>
     <lat>42.4452640</lat>
     <lng>-71.2287220</lng>
    </end_location>
    <polyline>
     <points>}nabGtpvqL\Z\XBBt@p@BB`Az@j@h@PNTPJHJDPJPFJDD@TFLB^H</points>
    </polyline>
    <duration>
     <value>39</value>
     <text>1 min</text>
    </duration>
    <html_instructions>Turn &lt;b&gt;right&lt;/b&gt; onto &lt;b&gt;Waltham St&lt;/b&gt;</html_instructions>
    <distance>
     <value>268</value>
     <text>0.2 mi</text>
    </distance>
    <maneuver>turn-right</maneuver>
   </step>
   <step>
    <travel_mode>DRIVING</travel_mode>
    <start_location>
     <lat>42.4452640</lat>
     <lng>-71.2287220</lng>
    </start_location>
    <end_location>
     <lat>42.4494635</lat>
     <lng>-71.2340479</lng>
    </end_location>
    <polyline>
     <points>{aabGnzvqLMl@AF[xAKd@Kl@Ml@S~@ITM`@Wd@e@r@MVWb@CDo@~@EFc@j@[ZSRUR[ZMLON[ZQPKJGNOh@MVIRA@ILMRe@\}@\C@s@DgBH</points>
    </polyline>
    <duration>
     <value>85</value>
     <text>1 min</text>
    </duration>
    <html_instructions>Turn &lt;b&gt;right&lt;/b&gt; onto &lt;b&gt;Forest St&lt;/b&gt;</html_instructions>
    <distance>
     <value>681</value>
     <text>0.4 mi</text>
    </distance>
    <maneuver>turn-right</maneuver>
   </step>
   <step>
    <travel_mode>DRIVING</travel_mode>
    <start_location>
     <lat>42.4494635</lat>
     <lng>-71.2340479</lng>
    </start_location>
    <end_location>
     <lat>42.4456767</lat>
     <lng>-71.2629326</lng>
    </end_location>
    <polyline>
     <points>c|abGx{wqL@VBdA?j@BzB?d@@\@X@NBLHp@H`@Fb@D^Ht@DZ^tC@HNrAP|AL`ALjAHt@NzAHv@Fh@?BHl@@HHb@F\ZbBNn@Ln@Ln@Hd@Hf@B^@^?v@?v@A~@?r@?b@Bf@Df@BZHh@DX@DHf@f@fCP|@F\D\BTBZ?T?J?HCj@E~@?T?J?P@Z@\Hz@Dt@Dh@@P?F@p@?f@@DE|BA\?Z?B@T?ZPtCBh@@TDdA?^@NAf@Cd@Ed@Eh@APEh@Eh@Gx@AT?N?@?Z?\@TB`@B^H~@Dt@BVDb@Fv@F^FX@FDNFRJ^BJd@pADJL\Pf@Rh@?@DNFV@@DPBT@DBP@R@H@P@\?@?j@?`@AP?BEj@?L]jG?DAN?R?P@\@\DZHZ@FDHL\DFJRJN@@\h@</points>
    </polyline>
    <duration>
     <value>217</value>
     <text>4 mins</text>
    </duration>
    <html_instructions>Turn &lt;b&gt;left&lt;/b&gt; onto &lt;b&gt;Massachusetts Ave&lt;/b&gt;</html_instructions>
    <distance>
     <value>2462</value>
     <text>1.5 mi</text>
    </distance>
    <maneuver>turn-left</maneuver>
   </step>
   <step>
    <travel_mode>DRIVING</travel_mode>
    <start_location>
     <lat>42.4456767</lat>
     <lng>-71.2629326</lng>
    </start_location>
    <end_location>
     <lat>42.4531621</lat>
     <lng>-71.3097617</lng>
    </end_location>
    <polyline>
     <points>odabGhp}qLwAtBa@l@SVmC|Da@f@AD_@z@GRKd@Ib@Il@UnB]`DCTGr@KvAAJGt@MrBQxBEj@[|DEd@O~A?HI~@OfBKpAErAEzACrAErBGzAA`@C|@ErAE~AG~BAhA?f@B^Bb@H|@Df@Jx@H|@Df@Dh@@T@Z@T?N?hC@hC@jA?`C?dB?J?n@?lBBtDBxA?T?nA@N?P?TAVCTCTGd@Or@AB]vAGXUv@ABSh@AFMXUl@Wj@e@z@u@rAWj@c@~@Sj@A@Sf@ABY~@Wz@Ux@IZADMd@?@Ib@Gj@Gx@A@GbAEd@Gt@AHIfACVEj@IjA[hEKbBOvBAHYzDMbBEn@Ej@s@~JQhCGn@GfAIfA_@zEEv@C\APCZ?FCf@ARGrAE|@?JAVEz@KdCKnCG~A?@[pIA^APEzACr@?T</points>
    </polyline>
    <duration>
     <value>236</value>
     <text>4 mins</text>
    </duration>
    <html_instructions>Turn &lt;b&gt;right&lt;/b&gt; onto &lt;b&gt;MA-2A W&lt;/b&gt;/&lt;wbr/&gt;&lt;b&gt;Marrett Rd&lt;/b&gt;&lt;div style=&quot;font-size:0.9em&quot;&gt;Continue to follow MA-2A W&lt;/div&gt;</html_instructions>
    <distance>
     <value>4042</value>
     <text>2.5 mi</text>
    </distance>
    <maneuver>turn-right</maneuver>
   </step>
   <step>
    <travel_mode>DRIVING</travel_mode>
    <start_location>
     <lat>42.4531621</lat>
     <lng>-71.3097617</lng>
    </start_location>
    <end_location>
     <lat>42.4602875</lat>
     <lng>-71.3485140</lng>
    </end_location>
    <polyline>
     <points>gsbbG~tfrLKRELMf@S`AW`AIRGPKVWh@uAtCsAlC[t@Qn@_@hAk@jBO`@Qb@ILa@t@wAjCo@fAo@hAi@z@Wf@Ub@EJIPMZOh@Sl@K^K^Mp@CJANEVCZA\EpACh@CZA\EZCPIh@I`@GVWdAMb@GRo@`CQh@e@bB}@xCMb@Uz@ADOx@QnAEl@AZAn@HhAHfADj@?@@R?T?D?RA\CnAAPC|@Cx@An@Cr@?d@AX?V?f@?^@l@Bv@BhADpADhAFp@JjALdBPrBFh@LtAH|@FxA@LB\?D@`@Bp@?r@@|@Bl@@^D^BXJf@DZXpAHd@BRF`@B^@RBx@BjAFtBBdAFzAXhFLnBBp@?N?J?d@?FC`AM|CMrBIt@OlAI`ACXOhAETStAO~@O`@GNQZc@l@i@|@[f@q@fAMVKXa@nAc@hAO^KXMRIN</points>
    </polyline>
    <duration>
     <value>240</value>
     <text>4 mins</text>
    </duration>
    <html_instructions>Slight &lt;b&gt;right&lt;/b&gt; onto &lt;b&gt;Lexington Rd&lt;/b&gt;</html_instructions>
    <distance>
     <value>3474</value>
     <text>2.2 mi</text>
    </distance>
    <maneuver>turn-slight-right</maneuver>
   </step>
   <step>
    <travel_mode>DRIVING</travel_mode>
    <start_location>
     <lat>42.4602875</lat>
     <lng>-71.3485140</lng>
    </start_location>
    <end_location>
     <lat>42.4607860</lat>
     <lng>-71.3488390</lng>
    </end_location>
    <polyline>
     <points>y_dbGdgnrLa@JEDe@b@UJ</points>
    </polyline>
    <duration>
     <value>9</value>
     <text>1 min</text>
    </duration>
    <html_instructions>Continue onto &lt;b&gt;MA-62 E&lt;/b&gt;</html_instructions>
    <distance>
     <value>62</value>
     <text>203 ft</text>
    </distance>
   </step>
   <step>
    <travel_mode>DRIVING</travel_mode>
    <start_location>
     <lat>42.4607860</lat>
     <lng>-71.3488390</lng>
    </start_location>
    <end_location>
     <lat>42.4614275</lat>
     <lng>-71.3493778</lng>
    </end_location>
    <polyline>
     <points>}bdbGfinrLuAhAi@`@</points>
    </polyline>
    <duration>
     <value>12</value>
     <text>1 min</text>
    </duration>
    <html_instructions>Continue straight onto &lt;b&gt;Monument Square&lt;/b&gt;</html_instructions>
    <distance>
     <value>84</value>
     <text>276 ft</text>
    </distance>
    <maneuver>straight</maneuver>
   </step>
   <step>
    <travel_mode>DRIVING</travel_mode>
    <start_location>
     <lat>42.4614275</lat>
     <lng>-71.3493778</lng>
    </start_location>
    <end_location>
     <lat>42.4603870</lat>
     <lng>-71.3489306</lng>
    </end_location>
    <polyline>
     <points>}fdbGrlnrLTx@~AcAJIf@[PQRW</points>
    </polyline>
    <duration>
     <value>24</value>
     <text>1 min</text>
    </duration>
    <html_instructions>Turn &lt;b&gt;left&lt;/b&gt; onto &lt;b&gt;MA-62 W&lt;/b&gt;</html_instructions>
    <distance>
     <value>148</value>
     <text>486 ft</text>
    </distance>
    <maneuver>turn-left</maneuver>
   </step>
   <duration>
    <value>2971</value>
    <text>50 mins</text>
   </duration>
   <distance>
    <value>45304</value>
    <text>28.2 mi</text>
   </distance>
   <start_location>
    <lat>42.3597872</lat>
    <lng>-71.0598473</lng>
   </start_location>
   <end_location>
    <lat>42.4603870</lat>
    <lng>-71.3489306</lng>
   </end_location>
   <start_address>Boston, MA, USA</start_address>
   <end_address>Concord, MA, USA</end_address>
   <via_waypoint>
    <location>
     <lat>42.3781732</lat>
     <lng>-71.0602489</lng>
    </location>
    <step_index>6</step_index>
    <step_interpolation>0.2067887</step_interpolation>
   </via_waypoint>
   <via_waypoint>
    <location>
     <lat>42.4473497</lat>
     <lng>-71.2271531</lng>
    </location>
    <step_index>14</step_index>
    <step_interpolation>1.0000000</step_interpolation>
   </via_waypoint>
  </leg>
  <copyrights>Map data ©2021</copyrights>
  <overview_polyline>
   <points>ukpaG`{upL}B|AkAbBe@jA[WQU{BsFmBeFi@wBm@cCUe@s@i@s@hA}BxB_@^UVy@NSJkAH}DHaDJy@b@UTgA`Ao@t@Ql@]n@[RwGtDiAl@q@Ho@Ti@b@gA^WBQEo@eAiAkBmB}CsAqBuAoBm@m@m@w@qBcC{CmEu@wAqA_BsAyAKX]r@yA|Cc@dCiBnHwCrLgDxMoMb\cJjU}@jCYj@e@R}@p@o@b@yAQUL]^Mv@B`@`@t@|@ZLd@Cr@iBbFs@dBoJtLkStY_AhA{AtAyBfB{DbDeBxBcC|D_BhCQl@eAzAuAzBcInLkIlLsClD_EbEgK`JuM`LqPzNqLtJeDfBqDjA{Dh@eENqCFiOXqKLmBG_PgAaWyAyKCaMYyIwAaGm@wCC}CP{F`AmIjBoDx@cE|@aQzDmFr@kFTuHMyEk@a^cHgXmFoFi@oFMsCD_Gh@iDl@kElAoDxAaGdDaJxFeOnJq]tTkf@|ZuIhEyFnByD~@yHfAiI`@kKNyt@fAcGR{DZkFx@oCn@aAR}AFa@Ck@]c@sALsCx@kCrA_BXGj@F`@X`@nA?pA[rFkArNk@hGWhGG|IFxCVnH|Axj@fExp@|Cje@`Epm@nAlRzBhVpLjjAfBdQz@lHjAzGvBrIx@pCdDrIlBxDrFvIhI`LtJrM|KvPrHhNzFlMvCtHhCbIxDvM`FnTjIta@nMpo@lCxPpChZhFbn@`AfLp@hFhCrKbCnGxBlEdAhBdAnBp@dBPv@Jh@?v@Qr@[f@k@Ru@Ku@o@k@{@]eAGqAHs@L_@Xq@nBoAfFgDhD_CpAaAhFyDbGqCtBoAzAi@pG_CnHiEzCcBxF_C|Aw@xAmApKqJ|HcIlFaEdRuMzCmAjDgAp@q@hAeC~CmHf@oA\Z`@\fDzCtBlAb@J^HMl@]`BWrAy@dDcBtC}AxBaB~AkAjAq@|Ac@v@cBz@w@FgBH@VBpBFxEv@fGxBpRjAbIt@tDN~CAnEVtC|A~IEtEZ`GApHVpFD|Cg@jHRbFn@zFvBlG^jBDnDe@dKRrBZv@v@nA{GxJkA|Bu@fF_BrR}ArRi@fSOpIVhDf@`HBpVFdM_@dC}@lDe@nAiChFqAxCgAfDo@`CYjCm@vHwF|w@kApXe@~MChAQ`@cA~DaChFoBbEq@xBmApD{HhNgBbG_@dGUtBw@bDsEbPi@rEVlFEdEOzIHnE^xGhA~NPvHjAjHz@zTP|DQlGq@xHm@nE_@`BYj@{CzEsChHg@P{@n@_CjBTx@~AcAr@e@d@i@</points>
  </overview_polyline>
  <bounds>
   <southwest>
    <lat>42.3597872</lat>
    <lng>-71.3496743</lng>
   </southwest>
   <northeast>
    <lat>42.5036313</lat>
    <lng>-71.0552091</lng>
   </northeast>
  </bounds>
 </route>
 <geocoded_waypoint>
  <geocoder_status>OK</geocoder_status>
  <type>locality</type>
  <type>political</type>
  <place_id>ChIJGzE9DS1l44kRoOhiASS_fHg</place_id>
 </geocoded_waypoint>
 <geocoded_waypoint>
  <geocoder_status>OK</geocoder_status>
  <type>neighborhood</type>
  <type>political</type>
  <place_id>ChIJGwVKWe5w44kRcr4b9E25-Go</place_id>
 </geocoded_waypoint>
 <geocoded_waypoint>
  <geocoder_status>OK</geocoder_status>
  <type>locality</type>
  <type>political</type>
  <place_id>ChIJy1hS39qd44kRzRM2FsiFNoU</place_id>
 </geocoded_waypoint>
 <geocoded_waypoint>
  <geocoder_status>OK</geocoder_status>
  <type>locality</type>
  <type>political</type>
  <place_id>ChIJ9SKkJkCa44kRkKR4K5p3zlg</place_id>
 </geocoded_waypoint>
</DirectionsResponse>
<!-- [END maps_http_directions_boston_concord_waypoints_response] -->
