<?xml version="1.0" encoding="UTF-8"?>
<!-- [START maps_http_geocode_toledo_region_es_response] -->
<GeocodeResponse>
 <status>OK</status>
 <result>
  <type>locality</type>
  <type>political</type>
  <formatted_address>Toledo, Spain</formatted_address>
  <address_component>
   <long_name>Toledo</long_name>
   <short_name>Toledo</short_name>
   <type>locality</type>
   <type>political</type>
  </address_component>
  <address_component>
   <long_name>Toledo</long_name>
   <short_name>TO</short_name>
   <type>administrative_area_level_2</type>
   <type>political</type>
  </address_component>
  <address_component>
   <long_name>Castile-La Mancha</long_name>
   <short_name>CM</short_name>
   <type>administrative_area_level_1</type>
   <type>political</type>
  </address_component>
  <address_component>
   <long_name>Spain</long_name>
   <short_name>ES</short_name>
   <type>country</type>
   <type>political</type>
  </address_component>
  <geometry>
   <location>
    <lat>39.8628316</lat>
    <lng>-4.0273231</lng>
   </location>
   <location_type>APPROXIMATE</location_type>
   <viewport>
    <southwest>
     <lat>39.8383676</lat>
     <lng>-4.0796176</lng>
    </southwest>
    <northeast>
     <lat>39.8860510</lat>
     <lng>-3.9192423</lng>
    </northeast>
   </viewport>
   <bounds>
    <southwest>
     <lat>39.8383676</lat>
     <lng>-4.0796176</lng>
    </southwest>
    <northeast>
     <lat>39.8860510</lat>
     <lng>-3.9192423</lng>
    </northeast>
   </bounds>
  </geometry>
  <place_id>ChIJ8f21C60Lag0R_q11auhbf8Y</place_id>
 </result>
</GeocodeResponse>
<!-- [END maps_http_geocode_toledo_region_es_response] -->
