<?xml version="1.0" encoding="UTF-8"?>
<!-- [START maps_http_geocode_components_response] -->
<GeocodeResponse>
 <status>OK</status>
 <result>
  <type>locality</type>
  <type>political</type>
  <formatted_address>Santa Cruz de Tenerife, Spain</formatted_address>
  <address_component>
   <long_name>Santa Cruz de Tenerife</long_name>
   <short_name>Santa Cruz de Tenerife</short_name>
   <type>locality</type>
   <type>political</type>
  </address_component>
  <address_component>
   <long_name>Santa Cruz de Tenerife</long_name>
   <short_name>TF</short_name>
   <type>administrative_area_level_2</type>
   <type>political</type>
  </address_component>
  <address_component>
   <long_name>Canary Islands</long_name>
   <short_name>CN</short_name>
   <type>administrative_area_level_1</type>
   <type>political</type>
  </address_component>
  <address_component>
   <long_name>Spain</long_name>
   <short_name>ES</short_name>
   <type>country</type>
   <type>political</type>
  </address_component>
  <geometry>
   <location>
    <lat>28.4636296</lat>
    <lng>-16.2518467</lng>
   </location>
   <location_type>APPROXIMATE</location_type>
   <viewport>
    <southwest>
     <lat>28.4280248</lat>
     <lng>-16.3370045</lng>
    </southwest>
    <northeast>
     <lat>28.4876160</lat>
     <lng>-16.2356646</lng>
    </northeast>
   </viewport>
   <bounds>
    <southwest>
     <lat>28.4280248</lat>
     <lng>-16.3370045</lng>
    </southwest>
    <northeast>
     <lat>28.4876160</lat>
     <lng>-16.2356646</lng>
    </northeast>
   </bounds>
  </geometry>
  <place_id>ChIJcUElzOzMQQwRLuV30nMUEUM</place_id>
 </result>
</GeocodeResponse>
<!-- [END maps_http_geocode_components_response] -->
