<?xml version="1.0" encoding="UTF-8"?>
<!-- [START maps_http_places_autocomplete_fr_response] -->
<AutocompletionResponse>
 <status>OK</status>
 <prediction>
  <description>Victoria Station, Londres, Royaume-Uni</description>
  <type>premise</type>
  <type>geocode</type>
  <reference>ChIJDdMfySEFdkgRVkEX9DXbVvU</reference>
  <term>
   <value>Victoria Station</value>
   <offset>0</offset>
  </term>
  <term>
   <value>Londres</value>
   <offset>18</offset>
  </term>
  <term>
   <value>Royaume-Uni</value>
   <offset>27</offset>
  </term>
  <matched_substring>
   <offset>0</offset>
   <length>4</length>
  </matched_substring>
  <place_id>ChIJDdMfySEFdkgRVkEX9DXbVvU</place_id>
  <structured_formatting>
   <description>Victoria Station</description>
   <subdescription>Londres, Royaume-Uni</subdescription>
   <description_matched_substring>
    <offset>0</offset>
    <length>4</length>
   </description_matched_substring>
  </structured_formatting>
 </prediction>
 <prediction>
  <description>Victoria, BC, Canada</description>
  <type>locality</type>
  <type>political</type>
  <type>geocode</type>
  <reference>ChIJcWGw3Ytzj1QR7Ui7HnTz6Dg</reference>
  <term>
   <value>Victoria</value>
   <offset>0</offset>
  </term>
  <term>
   <value>BC</value>
   <offset>10</offset>
  </term>
  <term>
   <value>Canada</value>
   <offset>14</offset>
  </term>
  <matched_substring>
   <offset>0</offset>
   <length>4</length>
  </matched_substring>
  <place_id>ChIJcWGw3Ytzj1QR7Ui7HnTz6Dg</place_id>
  <structured_formatting>
   <description>Victoria</description>
   <subdescription>BC, Canada</subdescription>
   <description_matched_substring>
    <offset>0</offset>
    <length>4</length>
   </description_matched_substring>
  </structured_formatting>
 </prediction>
 <prediction>
  <description>Victorville, Californie, États-Unis</description>
  <type>locality</type>
  <type>political</type>
  <type>geocode</type>
  <reference>ChIJedLdY1pkw4ARdjT0JVkRlQ0</reference>
  <term>
   <value>Victorville</value>
   <offset>0</offset>
  </term>
  <term>
   <value>Californie</value>
   <offset>13</offset>
  </term>
  <term>
   <value>États-Unis</value>
   <offset>25</offset>
  </term>
  <matched_substring>
   <offset>0</offset>
   <length>4</length>
  </matched_substring>
  <place_id>ChIJedLdY1pkw4ARdjT0JVkRlQ0</place_id>
  <structured_formatting>
   <description>Victorville</description>
   <subdescription>Californie, États-Unis</subdescription>
   <description_matched_substring>
    <offset>0</offset>
    <length>4</length>
   </description_matched_substring>
  </structured_formatting>
 </prediction>
 <prediction>
  <description>Victoria, Texas, États-Unis</description>
  <type>locality</type>
  <type>political</type>
  <type>geocode</type>
  <reference>ChIJO6wtLttmQoYRfSZjb1YN4u4</reference>
  <term>
   <value>Victoria</value>
   <offset>0</offset>
  </term>
  <term>
   <value>Texas</value>
   <offset>10</offset>
  </term>
  <term>
   <value>États-Unis</value>
   <offset>17</offset>
  </term>
  <matched_substring>
   <offset>0</offset>
   <length>4</length>
  </matched_substring>
  <place_id>ChIJO6wtLttmQoYRfSZjb1YN4u4</place_id>
  <structured_formatting>
   <description>Victoria</description>
   <subdescription>Texas, États-Unis</subdescription>
   <description_matched_substring>
    <offset>0</offset>
    <length>4</length>
   </description_matched_substring>
  </structured_formatting>
 </prediction>
 <prediction>
  <description>Victoria Station, Manchester, Royaume-Uni</description>
  <type>premise</type>
  <type>geocode</type>
  <reference>ChIJBZFitcexe0gR2y8J3ATzfLk</reference>
  <term>
   <value>Victoria Station</value>
   <offset>0</offset>
  </term>
  <term>
   <value>Manchester</value>
   <offset>18</offset>
  </term>
  <term>
   <value>Royaume-Uni</value>
   <offset>30</offset>
  </term>
  <matched_substring>
   <offset>0</offset>
   <length>4</length>
  </matched_substring>
  <place_id>ChIJBZFitcexe0gR2y8J3ATzfLk</place_id>
  <structured_formatting>
   <description>Victoria Station</description>
   <subdescription>Manchester, Royaume-Uni</subdescription>
   <description_matched_substring>
    <offset>0</offset>
    <length>4</length>
   </description_matched_substring>
  </structured_formatting>
 </prediction>
</AutocompletionResponse>
<!-- [END maps_http_places_autocomplete_fr_response] -->
