<?xml version="1.0" encoding="UTF-8"?>
<!-- [START maps_http_directions_place_id_response] -->
<DirectionsResponse>
 <status>OK</status>
 <route>
  <summary>M80 and A9</summary>
  <leg>
   <step>
    <travel_mode>DRIVING</travel_mode>
    <start_location>
     <lat>55.8644561</lat>
     <lng>-4.2519760</lng>
    </start_location>
    <end_location>
     <lat>55.8648485</lat>
     <lng>-4.2518333</lng>
    </end_location>
    <polyline>
     <points>{_~sIzm}XmA]</points>
    </polyline>
    <duration>
     <value>15</value>
     <text>1 min</text>
    </duration>
    <html_instructions>Head &lt;b&gt;north&lt;/b&gt; toward &lt;b&gt;Killermont St&lt;/b&gt;</html_instructions>
    <distance>
     <value>45</value>
     <text>45 m</text>
    </distance>
   </step>
   <step>
    <travel_mode>DRIVING</travel_mode>
    <start_location>
     <lat>55.8648485</lat>
     <lng>-4.2518333</lng>
    </start_location>
    <end_location>
     <lat>55.8650673</lat>
     <lng>-4.2538636</lng>
    </end_location>
    <polyline>
     <points>ib~sI|l}XK`C[pFC`@</points>
    </polyline>
    <duration>
     <value>49</value>
     <text>1 min</text>
    </duration>
    <html_instructions>Turn &lt;b&gt;left&lt;/b&gt; onto &lt;b&gt;Killermont St&lt;/b&gt;</html_instructions>
    <distance>
     <value>129</value>
     <text>0.1 km</text>
    </distance>
    <maneuver>turn-left</maneuver>
   </step>
   <step>
    <travel_mode>DRIVING</travel_mode>
    <start_location>
     <lat>55.8650673</lat>
     <lng>-4.2538636</lng>
    </start_location>
    <end_location>
     <lat>55.8654603</lat>
     <lng>-4.2537145</lng>
    </end_location>
    <polyline>
     <points>uc~sIry}XmA]</points>
    </polyline>
    <duration>
     <value>30</value>
     <text>1 min</text>
    </duration>
    <html_instructions>Turn &lt;b&gt;right&lt;/b&gt; onto &lt;b&gt;W Nile St&lt;/b&gt;</html_instructions>
    <distance>
     <value>45</value>
     <text>45 m</text>
    </distance>
    <maneuver>turn-right</maneuver>
   </step>
   <step>
    <travel_mode>DRIVING</travel_mode>
    <start_location>
     <lat>55.8654603</lat>
     <lng>-4.2537145</lng>
    </start_location>
    <end_location>
     <lat>55.8671409</lat>
     <lng>-4.2544730</lng>
    </end_location>
    <polyline>
     <points>cf~sItx}XI?GAC?C?C?E?C?EDC@C@IBIBC@KD_@RSN]NYNWDe@TkA^</points>
    </polyline>
    <duration>
     <value>60</value>
     <text>1 min</text>
    </duration>
    <html_instructions>Continue onto &lt;b&gt;Port Dundas Rd&lt;/b&gt;</html_instructions>
    <distance>
     <value>194</value>
     <text>0.2 km</text>
    </distance>
   </step>
   <step>
    <travel_mode>DRIVING</travel_mode>
    <start_location>
     <lat>55.8671409</lat>
     <lng>-4.2544730</lng>
    </start_location>
    <end_location>
     <lat>55.8680424</lat>
     <lng>-4.2547399</lng>
    </end_location>
    <polyline>
     <points>sp~sIl}}XSFo@?oBl@</points>
    </polyline>
    <duration>
     <value>25</value>
     <text>1 min</text>
    </duration>
    <html_instructions>Continue straight to stay on &lt;b&gt;Port Dundas Rd&lt;/b&gt;</html_instructions>
    <distance>
     <value>102</value>
     <text>0.1 km</text>
    </distance>
    <maneuver>straight</maneuver>
   </step>
   <step>
    <travel_mode>DRIVING</travel_mode>
    <start_location>
     <lat>55.8680424</lat>
     <lng>-4.2547399</lng>
    </start_location>
    <end_location>
     <lat>55.8688385</lat>
     <lng>-4.2505261</lng>
    </end_location>
    <polyline>
     <points>gv~sIb_~X[kGU{EQ}C?GAEAECGgAoCKW</points>
    </polyline>
    <duration>
     <value>52</value>
     <text>1 min</text>
    </duration>
    <html_instructions>Turn &lt;b&gt;right&lt;/b&gt; onto &lt;b&gt;Milton St&lt;/b&gt;</html_instructions>
    <distance>
     <value>285</value>
     <text>0.3 km</text>
    </distance>
    <maneuver>turn-right</maneuver>
   </step>
   <step>
    <travel_mode>DRIVING</travel_mode>
    <start_location>
     <lat>55.8688385</lat>
     <lng>-4.2505261</lng>
    </start_location>
    <end_location>
     <lat>55.8694601</lat>
     <lng>-4.2514823</lng>
    </end_location>
    <polyline>
     <points>g{~sIxd}XILu@pAKPCDABEFEHEJGLILEF</points>
    </polyline>
    <duration>
     <value>22</value>
     <text>1 min</text>
    </duration>
    <html_instructions>Turn &lt;b&gt;left&lt;/b&gt; onto &lt;b&gt;Dobbie's Loan&lt;/b&gt;/&lt;wbr/&gt;&lt;b&gt;A804&lt;/b&gt;</html_instructions>
    <distance>
     <value>91</value>
     <text>91 m</text>
    </distance>
    <maneuver>turn-left</maneuver>
   </step>
   <step>
    <travel_mode>DRIVING</travel_mode>
    <start_location>
     <lat>55.8694601</lat>
     <lng>-4.2514823</lng>
    </start_location>
    <end_location>
     <lat>55.8697889</lat>
     <lng>-4.2515561</lng>
    </end_location>
    <polyline>
     <points>c__tIvj}XEDGBGBI@A?K?S?</points>
    </polyline>
    <duration>
     <value>30</value>
     <text>1 min</text>
    </duration>
    <html_instructions>Slight &lt;b&gt;right&lt;/b&gt; to stay on &lt;b&gt;Dobbie's Loan&lt;/b&gt;/&lt;wbr/&gt;&lt;b&gt;A804&lt;/b&gt;</html_instructions>
    <distance>
     <value>37</value>
     <text>37 m</text>
    </distance>
    <maneuver>turn-slight-right</maneuver>
   </step>
   <step>
    <travel_mode>DRIVING</travel_mode>
    <start_location>
     <lat>55.8697889</lat>
     <lng>-4.2515561</lng>
    </start_location>
    <end_location>
     <lat>55.8702840</lat>
     <lng>-4.2514099</lng>
    </end_location>
    <polyline>
     <points>ea_tIfk}XO?KCIEGECAICe@G</points>
    </polyline>
    <duration>
     <value>24</value>
     <text>1 min</text>
    </duration>
    <html_instructions>Continue straight onto &lt;b&gt;Craighall Rd&lt;/b&gt;/&lt;wbr/&gt;&lt;b&gt;A879&lt;/b&gt;</html_instructions>
    <distance>
     <value>56</value>
     <text>56 m</text>
    </distance>
    <maneuver>straight</maneuver>
   </step>
   <step>
    <travel_mode>DRIVING</travel_mode>
    <start_location>
     <lat>55.8702840</lat>
     <lng>-4.2514099</lng>
    </start_location>
    <end_location>
     <lat>55.8696778</lat>
     <lng>-4.2445338</lng>
    </end_location>
    <polyline>
     <points>gd_tIhj}XGCEAECCECEAGAGDo@DU@KDY?G@I?I@K@WB]DiAF{A?u@?CDgADu@@IFqA?AJsBB_@@S?O@MBi@ZuGDu@Dc@?M@M@APu@</points>
    </polyline>
    <duration>
     <value>45</value>
     <text>1 min</text>
    </duration>
    <html_instructions>Slight &lt;b&gt;right&lt;/b&gt;</html_instructions>
    <distance>
     <value>450</value>
     <text>0.4 km</text>
    </distance>
    <maneuver>turn-slight-right</maneuver>
   </step>
   <step>
    <travel_mode>DRIVING</travel_mode>
    <start_location>
     <lat>55.8696778</lat>
     <lng>-4.2445338</lng>
    </start_location>
    <end_location>
     <lat>55.8686341</lat>
     <lng>-4.2065372</lng>
    </end_location>
    <polyline>
     <points>o`_tIh_|XF{@Du@Fw@Dw@FgABYBg@XoEJeCJqAHkADg@Fs@Hw@D_@NeAViBXeAR}@DSLc@V_ARq@Z{@@GPk@Ts@Z_AHYTo@Pk@b@sAx@iCt@kCF[FYF[Jo@Fe@@CB[Fe@BU@U@KBY@K@W@IBc@F_BBy@Bi@@g@Bk@B}@By@@cBJ_K@oIEuIEoBEw@Ey@Cq@IoAEy@i@iGWuCCa@McBIqAIqAGwACmACgAA?E}BEeCGgCAo@Ck@IkBI}AIgAEg@YgC_@qCCS[cC_A_HGi@u@kFi@wDIs@</points>
    </polyline>
    <duration>
     <value>103</value>
     <text>2 mins</text>
    </duration>
    <html_instructions>Merge onto &lt;b&gt;M8&lt;/b&gt;</html_instructions>
    <distance>
     <value>2507</value>
     <text>2.5 km</text>
    </distance>
    <maneuver>merge</maneuver>
   </step>
   <step>
    <travel_mode>DRIVING</travel_mode>
    <start_location>
     <lat>55.8686341</lat>
     <lng>-4.2065372</lng>
    </start_location>
    <end_location>
     <lat>55.8742169</lat>
     <lng>-4.1986629</lng>
    </end_location>
    <polyline>
     <points>}y~sIzqtXWe@CEOu@_@yBe@yBiBcIg@wBa@aBWcAQe@CMEIOc@Wq@EKMWKSKSIOOUKSW]Y_@W[SSUUe@_@WSa@UYMUKa@MYIQEICQEc@IUCKCWCa@G{Cg@</points>
    </polyline>
    <duration>
     <value>35</value>
     <text>1 min</text>
    </duration>
    <html_instructions>At junction &lt;b&gt;13&lt;/b&gt;, take the &lt;b&gt;M80&lt;/b&gt; exit to &lt;b&gt;Stirling&lt;/b&gt;/&lt;wbr/&gt;&lt;b&gt;Kincardine Br&lt;/b&gt;</html_instructions>
    <distance>
     <value>850</value>
     <text>0.8 km</text>
    </distance>
    <maneuver>ramp-left</maneuver>
   </step>
   <step>
    <travel_mode>DRIVING</travel_mode>
    <start_location>
     <lat>55.8742169</lat>
     <lng>-4.1986629</lng>
    </start_location>
    <end_location>
     <lat>56.0858293</lat>
     <lng>-3.9425926</lng>
    </end_location>
    <polyline>
     <points>{|_tIr`sXu@I]Gm@IsASA?_@Gk@GE?{AMa@CoAEi@Au@A}@?o@@c@AmAGCA_@Ce@K_@KUKQKKGMI[Sk@k@c@e@SYQ[OYSa@Wk@Sm@Qm@Oi@Oq@Ga@COGc@Iq@KoAEs@ImAIeCEw@GmAGqAImAGu@Is@Ge@Gg@EYIe@Gc@GYMo@UgAOm@IWGWm@iBg@qAk@mAm@eAc@q@_AiAcAeAg@c@qAmAaDwCIIEEKIKIi@k@{CoCkCeCAAWUAAu@y@YY[]QSMO_@e@y@cAY_@[c@s@cAa@o@[c@Ye@Yc@e@y@Q[q@oAa@y@i@eA]s@e@aAk@sAy@iBk@yAe@qAISWw@Yy@Sk@g@aBYaAy@uCMc@_@}A]uACKg@}BAEk@qC]mBY_BSiAU}AYqBIg@Ks@MgAKy@AM?AOqASkBU}BCWOgBMeBG_AQiCOeCQ_CMiBSiCGm@UuCY{CQgBUyBQyA[uCa@kDa@wCOkAa@wCu@sEe@}CMy@Kk@Ig@SgAG_@I_@e@iCKg@Ow@YoA]}Aa@gBKc@Ke@e@mBcBkGACoAoEcBgG{AoFuAaF{DkNOg@YeAq@aCUy@[eAYeASo@cAoDmA_Ey@oCoA_E}@oCOg@q@oBsBgGGQoBwFWq@k@aBa@cA}@eCk@yAuAuDIWq@iBm@}Aw@wBiCeHSi@CEuEcMsBwFuByFAAaAgC?AyAuDSg@{@wBs@eBsB_F}@qBO]GOiAeCkAmCaAqBeAyBc@_Aa@y@[m@a@{@Wk@Wg@Ui@Yo@_@w@Yq@i@qAc@gAQg@Uk@k@yASm@Um@Us@]aASm@So@KY[cA]iA[gAy@sC[mAQq@[kAWeAQs@Qw@o@sCWmAg@cCMu@Oy@SoAMw@Ko@M}@Ko@Kw@QwAOqASoBI}@QsBIoAEc@IoAOuCKiBGuAKwBImBIwACy@GaAIsBMmCKuBGuAGyAIwAEy@GwAGwAQiDSmEKwBSkEMuBE{@QgC[qD]iDUuBSoBMwAGg@Eo@KsAGw@KuBIwACw@Ci@Aq@GgDAoC@mCBoCBcBHkCBYF{AL_CHgAPqBRqBRqBRqBT}BFm@PoBLqB@WBe@F_AFmAD_BBy@DwB@{A@}@?yA?sAAaBCu@CwAAe@AWC{@E}@A]Ew@IsA?CK}AKqAWkCK}@UqBQsACUGa@UeBOcAOw@Mw@UoASkAI_@Ou@UiAIYG]WgASw@Qm@Qq@I]Ss@YeAY_A[eAUo@KYAESi@Uq@Qe@KWSk@Yq@_@_AGMKWKU_@y@iA}B]m@e@{@Wg@U]c@u@OUWa@]g@[e@g@s@a@k@o@}@gCqDcAyAeA{Ac@o@KMaDsE{@oAoCyDGKW_@_AuAu@iAe@u@i@{@q@iAOWWe@e@w@e@{@Uc@OYYg@i@gAk@gA{@iBYm@o@uASg@m@uAUk@}@wBUm@M[q@gB_@eA_@cA_@gAa@iA]eA_@kA]iAq@yBGWi@kBYcAc@aBSw@m@}B?Ac@aBSo@Su@CI[gAGQk@kBQo@i@_B_@iAe@wA_@eAKUUo@GQISCIGOa@kAKY_@aAa@iA_@gA]aAa@eAaAgCWq@_@_Au@iBm@yAaByDm@sAUi@a@{@Ui@Wq@Ug@Qa@s@eBm@wAc@aAWo@_@}@o@uAYm@CGc@aAO]y@eBc@{@EIiCgFwBeEqCaFWe@Wc@]i@MUQYMUGIIOOYACKQGKAAoAwBq@mAa@u@{AuCKSq@sAc@_AqAuCKUiAeCiAaCk@oAu@aB{@kBsDcI{@oBqAqCqAuCo@sAgAaCa@aAQ]i@kAuAyCm@oA}@gB_AiBwAgC_AaBaAaB{AiCq@iAuBmDgByCYg@g@y@s@mAYg@aAaBuC{Ec@w@Yg@e@w@_AgBo@kAYk@Sc@]u@O]O[GOGQuDwJ]gA_@iA[iASq@Me@_@sAAGa@_BMk@U_Ag@yB]cB[}AScAq@mDOw@Oy@YsAc@}Bq@eDi@iC_@iBcAiEi@sBu@sCg@kBoAkE]kAg@}Ae@wAgAaD[_A}CeIWo@oAyCq@aBgA}BkBaEg@gAg@gA_@y@g@cAs@{AwA{Cy@iBg@cAi@mAQ[m@sAg@eAiB}DqEgKuAaD{@oBa@aAa@cAm@sAO]c@cAy@cBuAsC]o@m@aAe@s@e@m@i@m@_@]][c@Y[U]Qe@Ua@Oo@QEAs@Me@Ga@Ee@Go@Co@AaA?M?U@e@@gABK?[@iBDq@@A?Y@c@Bg@@yCJwAD_CH]@gABY@{@Dw@BU@wBF}AFy@Bg@A[A]?]C[CSAMAOAcB[i@MA?wAm@}@c@IGUQUQYWQOII]]QUSWMQQUU[[g@]m@Wi@[o@EIO[KYOa@KYQg@Ss@YaAUw@S_AS}@YsAUeASaAUgAWqAMq@Ia@s@mDc@uBYyAUkACIe@}Be@aCc@sBe@_COy@Q{@aAcFw@uDQ{@Qy@Ms@Oq@UoAUiAUgAUaAScAQw@Oq@U_AOq@Ss@Qu@YcA[iAc@_BUy@Su@U{@Ia@e@eBe@aB[iAEQUy@Qk@AG{@_DOg@]iAOe@Oe@Qe@[{@Sc@AE]s@OYOWMSS[i@q@q@s@][e@a@i@][O[Mg@Se@MOEWCCA]EWCg@?c@?o@Dm@BWDODk@PgAd@u@b@]Ve@\y@j@e@^cAt@_BjAuElDqA`Ay@l@UNc@Xc@ZoAt@kAn@y@`@m@Vc@Ru@XuAd@gA\uA^}@R[Fc@Fy@NqALc@Bm@HuFZeGV_DNU@W@cADeCLyDPe@Be@BqBHw@DkAHMBqBPuAL_ANkDf@c@HG@yBZ}AT}@JMBcBTcC^_C\cALgARyAR{@NsARgANoALm@@e@@kAAm@CWCa@E]Gw@Mg@Mg@QmAc@s@]o@]YQcAs@m@i@g@c@]_@g@g@[_@c@c@eAiA]_@o@s@u@s@w@w@y@s@o@i@_Aw@aAq@kAu@iAq@sAq@cAe@iAc@{@]eA[eAYeAUoAUgAQw@Gm@Gw@EeAEkACs@Ai@@eADg@@u@Fi@De@DuARa@F[Fs@Ne@JiAZaAX_@La@Nw@ZaA`@u@\w@b@yAv@sAp@qAn@_@T_Ad@C@}@b@oAp@sAp@iAj@gCpAkEzBiAj@mAl@gBv@s@Za@Nq@ViBf@iBf@w@L_@JWFgBT_ALs@FM@[BO@aAD}ADmA?aA?iAEeAG{AIwASgAOo@KcASa@KkA[gCu@s@U}@WgBc@eAQu@KwAQiAK]AG?]CUCw@Cy@EO?uA?w@?U?O?IAK?K?E?mAFMB]@O@s@H_AHcAPk@HoATQDsA\mBh@eA^w@Xm@VqAj@oAn@eAh@aAl@c@Tq@d@k@b@q@f@i@`@iBxAq@n@i@f@q@r@a@`@}@`As@v@w@`AaApAw@bAU\a@l@Y`@wA|BwAfCo@hAk@jAm@jAm@rAcA|BmA|Cq@hBSh@aApCiAdDSl@e@nAk@|A}AvDe@bAuA`DCFgBjDABoA`COXKNYh@[f@MTMRKNq@hAoApBYb@]f@[d@</points>
    </polyline>
    <duration>
     <value>1209</value>
     <text>20 mins</text>
    </duration>
    <html_instructions>Continue onto &lt;b&gt;M80&lt;/b&gt;</html_instructions>
    <distance>
     <value>33988</value>
     <text>34.0 km</text>
    </distance>
   </step>
   <step>
    <travel_mode>DRIVING</travel_mode>
    <start_location>
     <lat>56.0858293</lat>
     <lng>-3.9425926</lng>
    </start_location>
    <end_location>
     <lat>56.1697511</lat>
     <lng>-3.9708727</lng>
    </end_location>
    <polyline>
     <points>mgiuId`aWiB~Bg@p@eBtBa@d@y@|@aBdBqApA_@XaA~@OL_Av@oB~Ac@Z{@l@CBUNIF]Ri@^y@d@gAn@_CnAqAl@c@P_C`Aa@N[LgBr@uAf@cA`@kChAQFoCfAc@RqCfAe@Rc@PwDxAqEhBaA`@eC`AcBv@{@`@kAn@cB`As@d@k@`@w@j@cAx@QNg@`@w@p@g@f@UTWVk@l@[ZOPaAfAo@t@aBvBmA`BeBdCmG|ISX[b@_@h@mA|AY`@UXMNSVgBtBc@f@oAxASTIHi@l@a@`@}@`AyBtB_BzAa@\_@\o@h@{@r@SPEBWTe@\_Ar@i@`@A?e@^i@^a@Vq@d@MHc@Zk@\i@\kAr@iAp@e@VWLKFw@`@}Ar@oAj@_A^o@TgA^u@Xc@PeA\a@L[Hy@Vq@Py@RcATE@[HE@k@JqAVi@HiARw@JgANaBPsAJaAFe@Ba@Bw@DM?c@@u@@i@Bi@?eA@{ACw@A}BG_AEkAGkAKK?MAG?UC_BKeAE{BEa@CeBAw@?wA@kCHyAFw@B_ADk@BO@qAJiBPmLdA]@k@FY@cAHoBJY@i@@yAB_AA_BAcAEgAGwAGm@E_BOu@IaAO_AQw@MaAU]Ks@SaAYw@Uw@Ww@Y{@[a@O_@OaAc@g@U]Q}@e@yAw@oAw@o@a@_Ao@s@g@kBgAu@e@kBaA_@Qm@Yw@[a@Oa@O_Bi@cAY}A_@u@QWGk@K_AMwAO}@Ii@EgAEs@Ew@A]As@?Y?m@@w@Bu@B_AFw@Fm@FgALE?]FI@OBUDyB\iAVk@Lc@Lo@Ri@NqAf@iBv@i@Xs@\uEbCKFkCtA{Ar@a@Ni@TyCdAa@Ns@Ri@Ni@L{@R_@HaBTkANmBRkBPyBV{C\O@O@C@I@MFEBIFWZ</points>
    </polyline>
    <duration>
     <value>350</value>
     <text>6 mins</text>
    </duration>
    <html_instructions>Merge onto &lt;b&gt;M9&lt;/b&gt;</html_instructions>
    <distance>
     <value>9817</value>
     <text>9.8 km</text>
    </distance>
    <maneuver>merge</maneuver>
   </step>
   <step>
    <travel_mode>DRIVING</travel_mode>
    <start_location>
     <lat>56.1697511</lat>
     <lng>-3.9708727</lng>
    </start_location>
    <end_location>
     <lat>56.3883659</lat>
     <lng>-3.4882247</lng>
    </end_location>
    <polyline>
     <points>}syuI|pfWIVITGLGJMJQHIBM@K@SAKGQKIIIIS?K?MBOFGD]Za@`@yB~BA?sDzD}HfIaAbAYZ}B~BcBfBw@v@]^iDnDQP]\_@^IJ}B`CqApA_@^_@\o@p@iClCKJSRoCvCgAfA_@`@_@^sArAaAbAiBpBwAxA{@|@GFg@h@}@v@OLOJQN_@XCBeAl@YPi@Xw@\c@P]Nm@Py@Ti@LGBw@N_@DqAL_@Ds@BcA?A?s@Ai@CSCc@E[Cq@Iq@MmBg@k@QUIKEaBu@s@]u@e@QMOIkAy@qAiA[[iAoAs@{@QUu@cAMOWc@c@u@Yg@Ye@Yi@Wg@a@y@_@y@g@qA{@_Ca@mAGOMc@Ss@ES{@gDYoASaAAESkAQaASuAQ{AGq@Is@[uE]aFG_A?Ec@aF[mCg@qD[uBMy@CIKo@Y{AQ{@S}@UcA?Ao@eC_@sAYcAg@{AsAuDEIWo@Yq@u@eBeAyBg@mA_AwBACo@yAcBcD_@s@OWm@oAa@}@IQc@iAaDuLu@{CUiA]cBWsAQeAMs@u@eFYiB[mBUoA_@iBIc@Ke@CIw@_DI_@]oASm@ACMc@GOUu@_@cA_@aASi@Qc@O[Wm@KUKWOYO]k@gA[s@_AkBO[c@y@o@qAcCwEa@y@mA_CsBcEoByDmCiFiBoDyEgJiA{BIOg@cAoB{Du@wAuBcEqB{D?AaE_Ik@iA[k@c@_AoEyIS]i@gAaBcDmFoK_@u@mAcCwAuC{AyCg@cAgBmDm@qAq@sAmCoF}@iBw@_BgBoDu@}AOYuC}F_BcD_AiBGKKUYk@w@}AUg@Yk@Ue@]s@u@wAiA}BCGkA_CaAoBeAsBkAaCYk@{@cBo@sAGMiEsIc@{@w@{A_DoG]q@uB{DyA}Ce@aAiAyBGKgAwBaAoBKSmAeCaCyEiBoDwDyHa@w@w@}AaEkIaA}Bg@wA[{@g@yAm@qBw@{Ca@}Ak@mCCIKm@]eBm@yD_@{C]yCM{AE_@G}@IeAKaBUuDOqEUqFAYK}CI}BQkEK_CE_AAMKsBMcBM{AQmBWaC]eCU}AQeAY}AeAyEk@sBYeAK_@_@gA]cA_CwGm@iB[aAk@iBk@uB]yAu@_DwAgGm@iCsBcJGUQw@Qu@{@qD{@yD_AaEeA_E_@qAiAmDi@wAi@qAk@wAaBcEcBeE}@sCm@cCKg@UiA_@uBKo@WiBOuAAKc@kFMkCKuBC_AEo@?OK{CGoBEs@Ck@OaDIuAUuCCQGk@Ek@UmBm@}Dg@iCa@oBoA_GMe@UaAwAwGSy@y@wDk@{Cs@oEQyAMy@KmAOqAGs@Q_CYaFWyGAg@SqFCe@OcEE{@MiDOsFIoE?UA}D?qC@[DwEFkD?CH{BDqAXsGTsG?EB_ADkC@u@@_AAmDAgDIwIA{AAgD?yC@qC@_ADoCJ}H@u@RaMDcC@_ANcI@_A@[BcBP_L@eB@_A@o@AqDCqCA_BGaBE_BE{@IsAK{AKwAS}B[oCOoAe@}Cg@yCq@{DgBaK{AsIuCoPuAaIMy@Y{As@gEMo@AIaAgFOy@CMo@wDIc@y@yEY}AIc@[{AGUQw@GUK_@Qu@EMa@}Ay@kC]aAUo@Uo@Uk@aAwBo@uAoBaEyAcD_AaCKYIWeAgDk@uBaAaEGYI]]gBm@gD]eCKo@UgBIs@c@mEEa@WmDm@mJm@wIi@_ISuCGaAe@iIY{EY}EWsEMwAIgAIcAS{AKw@Ks@Ie@Km@Mq@Qs@S_Aa@yAe@sAk@}AYq@]}@e@}@CG_AyA?AkA{Ak@k@YWo@k@]W_@U]SkAk@_A[o@Qq@OiF}@MAw@OkASsBa@k@Ke@KWI[Ig@QsA_@{Ag@a@OkBy@mAm@eCoAWOa@SYQy@i@q@i@_@[OMqBmBmAsAmA{As@cAAAqAoBg@eAa@}@_@{@a@cAe@iAaAyC_@mAUs@Us@W}@y@qCAAi@gB{@qCY_AuAsESq@aAoDMe@qBiHo@cCSu@a@aBqAeFQu@Qs@AAQw@}@uDyAmGw@mDq@yCOy@I_@mA{FEQk@wCQy@Qw@Ow@qBsKqAqHa@}BuAiIGWeA}GcAaH[oBM{@MaAq@oE]qCM{@K{@[}B[_Ce@gDM{@AGKs@[uBO_AMu@[aBSkA[_BWkAa@qBG[I[k@gCw@cDq@kCeAqDs@aCcA}CiAeDuAyDgBmEoC_HyCmHsAcD}AuDi@qAq@}Aq@cB_DmHKUWo@wCwGs@wAqCaGMUAAMY_EsHCGuBwDm@eA[i@QYIMmBaD?A]g@[i@k@_AaCqDaAwAOU]e@mBoCEG{@iACCw@cA]c@[a@AAoBgCiC{CyBgCs@{@_@a@w@_AaAgAcBoBs@{@}@cA]a@]a@kAuAkAuA_@a@CCuAaBiB{Bm@w@CEuAiB{@oAgBqCc@q@gB{CiCcFQ_@eDsGgBeDWa@m@aAq@cAcAyAc@i@IKi@q@k@m@cCcCsAiAm@g@{@q@cAw@kAeAw@y@s@u@y@cAq@{@i@w@q@aAeA}A_BgCyBuDm@aAYi@]k@_BwCe@{@y@{Ao@qA{@aBSa@Ym@o@qA]s@kAiCq@wAsCyGw@oBOe@Ws@k@gB[_Ag@_BYaAa@}Aa@}AEMSw@Om@g@wBAIm@sC_A}ECUSiAKw@]wByAyKIo@AKYoBOcA]kBAGUmAIe@Mm@_@gBYkAI]GY[mAa@yAaAgDq@sBkAcDKUg@mA_@{@ISe@aA[q@IOq@uAGKSa@EIu@aBqAoCQ]Ym@aBmD[q@[s@Wi@o@_B}@gCe@uAK_@Qi@W_AUu@Ka@q@eCOo@I_@GWS{@i@iCUwAMo@QeAACKw@QiAWiB?CS_BKcAKw@KqACWEg@I}@AEGw@C[OyBCg@E_AAGEw@G}AKuCGcCAiAAYA_CAiD?aC?aCAaDCeCGeDEyBGqBIaBCk@OmCQyCMaBUsCOwA?GIu@Iq@OmAWmBOgAKs@M{@Kk@CMO{@Ow@?AOw@WmAKa@Qu@i@mBQo@Me@g@wAe@uA_A}Bw@cBi@eAc@{@y@wA{@oA_@g@m@s@]c@[_@_B_B_@_@GG{C{C_AeAs@}@UYGIQWIMu@eA_@k@KOQYw@sAYi@a@y@e@cAEIKUSc@Wm@_@_A[y@g@uA_@gAg@_BM_@_@qAg@oBSu@I_@aA{DSy@{@}CUu@Ss@K[Sq@{@}B]aA}A}Dq@eBWo@o@aB}@_Cw@sBUm@AAiAmCu@cBo@sAIOO[Ue@}@uAgAeBk@q@]c@y@y@_A_Ai@i@OOiEkDQMm@c@aAq@a@Yk@c@u@e@{@i@iAk@c@YaAg@KGgAq@uA_A}@q@q@i@kC}B_B{AaAaA_@_@SUgAoAIKSWOS}@iA[a@KO]e@i@w@mAkBW_@[i@QYGM[k@_@o@oAcCUc@Yk@Ym@OYIQ{BkFEKQc@a@gA_AcCs@uBKYOc@EOk@kBw@kCYcAI[IY_@wAaAeEa@eB?Ck@kC[_BUiAa@uBQy@Oy@O{@_@qBM{@Oy@gAsGIk@cAgGwCkQoBqLWaB_@yBi@_DsAcIsAcIeAqG_BsJa@aCgB}Ko@{DOy@gA}Go@yDY_BIc@q@wDo@yCGW_@yAUs@o@kBq@eBk@kAYk@i@_Au@iA{@kAOS]c@SUIM_@a@cAoAgAuAIK]e@GIa@m@o@cA_@q@u@uAi@kAi@kA_@aA_@}@Oc@_@iAQi@GSW{@c@_BYkA]wAGWKi@[_B_@sBg@{CMw@g@iDUcBUeBY_CYwCGa@MsA[sDAMOiBQwCSsDIyAIeBOwDSwFGkBEm@CSEUACi@oA</points>
    </polyline>
    <duration>
     <value>1563</value>
     <text>26 mins</text>
    </duration>
    <html_instructions>At the roundabout, take the &lt;b&gt;2nd&lt;/b&gt; exit onto &lt;b&gt;A9&lt;/b&gt; heading to &lt;b&gt;Doune&lt;/b&gt;</html_instructions>
    <distance>
     <value>42221</value>
     <text>42.2 km</text>
    </distance>
    <maneuver>roundabout-left</maneuver>
   </step>
   <step>
    <travel_mode>DRIVING</travel_mode>
    <start_location>
     <lat>56.3883659</lat>
     <lng>-3.4882247</lng>
    </start_location>
    <end_location>
     <lat>56.3885966</lat>
     <lng>-3.4811371</lng>
    </end_location>
    <polyline>
     <points>ijdwIjhhTQGECMKMQEMCKCMCMAOAY?Y?m@DsADcAHuB?IDaAH{B?OBk@BMDMAg@?aAEcL?CAOEk@Gy@</points>
    </polyline>
    <duration>
     <value>40</value>
     <text>1 min</text>
    </duration>
    <html_instructions>At the roundabout, take the &lt;b&gt;2nd&lt;/b&gt; exit onto &lt;b&gt;A93&lt;/b&gt;</html_instructions>
    <distance>
     <value>463</value>
     <text>0.5 km</text>
    </distance>
    <maneuver>roundabout-left</maneuver>
   </step>
   <step>
    <travel_mode>DRIVING</travel_mode>
    <start_location>
     <lat>56.3885966</lat>
     <lng>-3.4811371</lng>
    </start_location>
    <end_location>
     <lat>56.3954510</lat>
     <lng>-3.4388888</lng>
    </end_location>
    <polyline>
     <points>wkdwIb|fT?AAAACACAC?AAA?EAC?EAC?G?E?C?E@C?E?C@E?A@A@C@C@C@C?AVsAReAn@kHBUBg@LaCRuEP}D\aIV_G?KXsFX_F@u@@S@{A@oDB_C@_@?Y?I?o@A_@A_AOwGIuI?CC_A?SAe@?e@?c@@c@@y@DiAFuBZ{HD}@Ac@?IAOAc@IwCEe@Ce@c@iDIo@_@kC?CSqAGUCOIYESGQAEK[KUUm@EIeAsBIOGKQ]ACW_@_@i@gAwAA?]_@k@q@WSMIMIKEUGC?kCs@c@MeAYwFyAkA[iAWWGYIa@MKCMEkAq@SMQMOOKKOQSWY_@Uc@Q_@KSMYQe@Oa@EMEQGWAMCIE[E_@AQAM?CAQ?Y?_@BoCBaB?C@[@]Dw@A?CAAAAEAEAC?E?I?C@E?C@C@C@A@ADAC]AO?QAE?M@S?m@DuBB_A@i@DoB@yA@g@@i@@a@?E?Q?EBaA?k@@aAHyFBiC?C</points>
    </polyline>
    <duration>
     <value>307</value>
     <text>5 mins</text>
    </duration>
    <html_instructions>At the roundabout, take the &lt;b&gt;2nd&lt;/b&gt; exit and stay on &lt;b&gt;A93&lt;/b&gt;</html_instructions>
    <distance>
     <value>3232</value>
     <text>3.2 km</text>
    </distance>
    <maneuver>roundabout-left</maneuver>
   </step>
   <step>
    <travel_mode>DRIVING</travel_mode>
    <start_location>
     <lat>56.3954510</lat>
     <lng>-3.4388888</lng>
    </start_location>
    <end_location>
     <lat>56.3953752</lat>
     <lng>-3.4361427</lng>
    </end_location>
    <polyline>
     <points>qvewI`t~SBeDHgJ?W</points>
    </polyline>
    <duration>
     <value>32</value>
     <text>1 min</text>
    </duration>
    <html_instructions>Continue onto &lt;b&gt;York Pl&lt;/b&gt;</html_instructions>
    <distance>
     <value>169</value>
     <text>0.2 km</text>
    </distance>
   </step>
   <step>
    <travel_mode>DRIVING</travel_mode>
    <start_location>
     <lat>56.3953752</lat>
     <lng>-3.4361427</lng>
    </start_location>
    <end_location>
     <lat>56.3953124</lat>
     <lng>-3.4343825</lng>
    </end_location>
    <polyline>
     <points>cvewIzb~SJyH@e@</points>
    </polyline>
    <duration>
     <value>28</value>
     <text>1 min</text>
    </duration>
    <html_instructions>Continue onto &lt;b&gt;County Pl&lt;/b&gt;</html_instructions>
    <distance>
     <value>109</value>
     <text>0.1 km</text>
    </distance>
   </step>
   <step>
    <travel_mode>DRIVING</travel_mode>
    <start_location>
     <lat>56.3953124</lat>
     <lng>-3.4343825</lng>
    </start_location>
    <end_location>
     <lat>56.3951612</lat>
     <lng>-3.4308177</lng>
    </end_location>
    <polyline>
     <points>uuewIzw}S@c@DyDHeEB}@FeF</points>
    </polyline>
    <duration>
     <value>60</value>
     <text>1 min</text>
    </duration>
    <html_instructions>Continue onto &lt;b&gt;South St&lt;/b&gt;</html_instructions>
    <distance>
     <value>220</value>
     <text>0.2 km</text>
    </distance>
   </step>
   <duration>
    <value>4079</value>
    <text>1 hour 8 mins</text>
   </duration>
   <distance>
    <value>95010</value>
    <text>95.0 km</text>
   </distance>
   <start_location>
    <lat>55.8644561</lat>
    <lng>-4.2519760</lng>
   </start_location>
   <end_location>
    <lat>56.3951612</lat>
    <lng>-3.4308177</lng>
   </end_location>
   <start_address>Glasgow, UK</start_address>
   <end_address>Perth, UK</end_address>
  </leg>
  <copyrights>Map data ©2021</copyrights>
  <overview_polyline>
   <points>{_~sIzm}XmA]K`C_@rGcB_@i@L}CtAuD|@oBl@[kGg@yJG[sAgD_A~AWb@]p@gAVaB]YuAR{B~@iUbC__@nA}O`DsMxHsXz@{PCel@qBsXo@kUcBoTiF_^eHq[_FsJ{E{CeDo@uLgB}Kc@aHq@}DyDiCaIaAuNaA_M_ByHoDoIoEeFaNeMuP{RgGcLyGqP_FiQqE}ViE_f@sCo[{Fib@{Jcd@y^{pA{Vgs@mb@}gAsQi`@cM{^{Iyb@_Euk@uDyw@qCyZ{@uSj@s[fCkXr@oQG}QcD}_@gGyYiHoSgTm]iYub@mPs^eNud@uIcX{Qge@qNa\iRy]{Vyg@_Qq_@eOsYa]il@uHuRoDsM{P}w@eNab@}LuXg^_x@{ImPmGoEwH}@eJNk^hAwFKuIwCiIiLoHsZoNas@yIg_@gJi\qC{FiHsFsEc@eCTgErBkShOeKxFaNpDmZbBeUfAgRbC}SzCaPvA{IgB}IwG{JaKiPwJkOaDkM?gKfBeMnF_f@~U}OlD}KZaPgBaSsEaOa@mJ~@aP`FuLpHcMbMkLrQaLlXmKfXyGbMyIpM_O|OcIjG_QzI_m@~UkPxJoGbG}^lf@uUjUqS~MqZtK_X~CeOCoJk@_U@{XtBwMd@iQgA}L}C{JgE{QyKkMkEaMyAsJ?kHr@uMbDsTtKiMzD}TdCwA`BgBt@oB[ch@fi@a]v]kKlK{GvDaJlBoHE{HeBgLqHiHwJsGkO{C{LwC}Y}CaXqDePiIaT{IcRsJm^kEuW_IyVifA{uBm_AclBec@{{@oSqa@wN_]aG{ZuBc[sAa]wCmYoJu\{Jw_@}Kue@mN_`@eDgR{AyZkAwQyIed@iFq[uBsd@m@k`@lAcc@f@epAr@me@WqWoD}[}PabAyIwd@cG}PaMm[_FgXeFmr@{C}f@uBaMuG{O}GoGmFiB{JcBqMgDoNgHeLwLeJeT_GsRkV}_AoFkW}M}w@uIqm@cEkSoPoh@id@seAeZgg@m]sb@iJuKoOySiSa_@mMeNmMwMwOmWgIaPyLmZwEiQkGe`@oIaa@uOm^_JiTcDwLoFe^aB}`@]gb@cBkW{EiZyHySaKcNgJcKqFaJgEeK}F{SwQgh@_HoNoO{Ow[sT{RkVsPo_@wLsf@cU}sAkO}~@sFuXcI_PaGoHaHaMeEgM}DmSyDu\oBs`@WcEcA_Bq@}Bd@}OQoV?gAbBwMpBad@`Ai]]eX\ua@sB}OkAuDiDeGsEwE}SqF_FwBmC}DiAqDEuOZoWlAecA</points>
  </overview_polyline>
  <bounds>
   <southwest>
    <lat>55.8644561</lat>
    <lng>-4.2547399</lng>
   </southwest>
   <northeast>
    <lat>56.3956867</lat>
    <lng>-3.4308177</lng>
   </northeast>
  </bounds>
 </route>
 <geocoded_waypoint>
  <geocoder_status>OK</geocoder_status>
  <type>locality</type>
  <type>political</type>
  <place_id>ChIJ685WIFYViEgRHlHvBbiD5nE</place_id>
 </geocoded_waypoint>
 <geocoded_waypoint>
  <geocoder_status>OK</geocoder_status>
  <type>locality</type>
  <type>political</type>
  <place_id>ChIJA01I-8YVhkgRGJb0fW4UX7Y</place_id>
 </geocoded_waypoint>
</DirectionsResponse>
<!-- [END maps_http_directions_place_id_response] -->
