<?xml version="1.0" encoding="UTF-8"?>
<!-- [START maps_http_places_details_response] -->
<PlaceDetailsResponse>
 <status>OK</status>
 <result>
  <name>Google Workplace 6</name>
  <vicinity>48 Pirrama Road, Pyrmont</vicinity>
  <type>point_of_interest</type>
  <type>establishment</type>
  <formatted_phone_number>(02) 9374 4000</formatted_phone_number>
  <formatted_address>48 Pirrama Rd, Pyrmont NSW 2009, Australia</formatted_address>
  <address_component>
   <long_name>48</long_name>
   <short_name>48</short_name>
   <type>street_number</type>
  </address_component>
  <address_component>
   <long_name>Pirrama Road</long_name>
   <short_name>Pirrama Rd</short_name>
   <type>route</type>
  </address_component>
  <address_component>
   <long_name>Pyrmont</long_name>
   <short_name>Pyrmont</short_name>
   <type>locality</type>
   <type>political</type>
  </address_component>
  <address_component>
   <long_name>Council of the City of Sydney</long_name>
   <short_name>Sydney</short_name>
   <type>administrative_area_level_2</type>
   <type>political</type>
  </address_component>
  <address_component>
   <long_name>New South Wales</long_name>
   <short_name>NSW</short_name>
   <type>administrative_area_level_1</type>
   <type>political</type>
  </address_component>
  <address_component>
   <long_name>Australia</long_name>
   <short_name>AU</short_name>
   <type>country</type>
   <type>political</type>
  </address_component>
  <address_component>
   <long_name>2009</long_name>
   <short_name>2009</short_name>
   <type>postal_code</type>
  </address_component>
  <geometry>
   <location>
    <lat>-33.8664890</lat>
    <lng>151.1958561</lng>
   </location>
   <viewport>
    <southwest>
     <lat>-33.8682092</lat>
     <lng>151.1944177</lng>
    </southwest>
    <northeast>
     <lat>-33.8655113</lat>
     <lng>151.1971156</lng>
    </northeast>
   </viewport>
  </geometry>
  <rating>4.1</rating>
  <url>https://maps.google.com/?cid=10281119596374313554</url>
  <icon>https://maps.gstatic.com/mapfiles/place_api/icons/v1/png_71/generic_business-71.png</icon>
  <reference>ChIJN1t_tDeuEmsRUsoyG83frY4</reference>
  <international_phone_number>+61 2 9374 4000</international_phone_number>
  <website>http://google.com/</website>
  <review>
   <time>1589072760</time>
   <text>Great place to visit, cafeteria great. Also has a good toilet.</text>
   <author_name>Mark Smith (Mark ZZZ Smith)</author_name>
   <author_url>https://www.google.com/maps/contrib/109015045837507592030/reviews</author_url>
   <rating>5.0</rating>
   <language>en</language>
   <profile_photo_url>https://lh3.googleusercontent.com/a-/AOh14Gi-thk-CV41Ymw9Udvr0O5WL8Iguf9HYAKKyEWDxw=s128-c0x00000000-cc-rp-mo</profile_photo_url>
   <relative_time_description>a year ago</relative_time_description>
  </review>
  <review>
   <time>1614291725</time>
   <text>Had an office tour here a few years ago and absolutely loved the look of it , as an AV person I was very impressed with the meeting rooms and loved the themes. Most of the staff were generally friendly and I was offered a range of different waters when waiting at reception.
The office is beautifully designed, onsite chef cooked a pretty alright lunch, staff interviewing as well were quite friendly and knew to be precise for technical interviews. I’d like to come back again one day for another tour just to see how it’s all going :)</text>
   <author_name>Agent Cliff (The Mediator)</author_name>
   <author_url>https://www.google.com/maps/contrib/100253428394439543029/reviews</author_url>
   <rating>4.0</rating>
   <language>en</language>
   <profile_photo_url>https://lh3.googleusercontent.com/a-/AOh14GhSLTmC1QVzI8oXWkDvqv_fTq1Xmm7_gM2udfRlbw=s128-c0x00000000-cc-rp-mo-ba3</profile_photo_url>
   <relative_time_description>5 months ago</relative_time_description>
  </review>
  <review>
   <time>1618388082</time>
   <text>Possibly the best office in Sydney? :)
What an amazing place to work at!</text>
   <author_name>Xavier Le Baron</author_name>
   <author_url>https://www.google.com/maps/contrib/104602961630797902494/reviews</author_url>
   <rating>5.0</rating>
   <language>en</language>
   <profile_photo_url>https://lh3.googleusercontent.com/a-/AOh14GhbuCpv4_XNH8EWPZoGFwgWjiCQvCcVYiwJNxnMIPs=s128-c0x00000000-cc-rp-mo-ba4</profile_photo_url>
   <relative_time_description>3 months ago</relative_time_description>
  </review>
  <review>
   <time>1611295578</time>
   <text>I had some problem with google account, there is no way to contact google customer service. The only people i can contact to is the google ad Team. Google only cares about its ad what a selfish tech. There is not even a live chat, my password linked with google is compromised but there is no one to talk to. the 1800 no is a useless no or even the no provided at this store is useless. Google support only asks to send a feedback of the problem and nothing else. I had sent it but its been more than a month no one has contacted still. Such a selfish, greedy billionaire tech giant. Cant believe, even a small struggling bussiness has someone to chat to. Such a low pathetic moral of google . Humanity will not be too long if our biggest tech are surround by just greed of $$$$$$....Shame on you # greedygoogle#greedysundarpichai#Australiagoogletaxloot.</text>
   <author_name>Binod Mainali</author_name>
   <author_url>https://www.google.com/maps/contrib/110005203185645729740/reviews</author_url>
   <rating>1.0</rating>
   <language>en</language>
   <profile_photo_url>https://lh3.googleusercontent.com/a-/AOh14GitXX8rr6uxnCeLo4Kwd_UKm7ctfOYH9r7tcocqeg=s128-c0x00000000-cc-rp-mo</profile_photo_url>
   <relative_time_description>6 months ago</relative_time_description>
  </review>
  <review>
   <time>1608012004</time>
   <text>It appears from reading the reviews that Google in not too good at talking to people on the phone. I guess when you are as big as they are they can do what they want as there is not really another alternative. I use their services such as maps and mail but also contribute a lot of data such as photo’s and reviews. I was under the impression that what I was doing was helping others in the community. I had not realised that google could pick and choose who used these services and can block out any one out they don’t like. I was very upset when they black baned some Chinese manufactures who are making really good products. I had also not realised that Google is a slave to any crazy president that gets into power. Anyway I will keep using  their products as they are good and hope that one day they will be available for all to use.</text>
   <author_name>doug cliff</author_name>
   <author_url>https://www.google.com/maps/contrib/114222669528052367599/reviews</author_url>
   <rating>4.0</rating>
   <language>en</language>
   <profile_photo_url>https://lh3.googleusercontent.com/a-/AOh14Gjbd1ELb3S4E0R10kvV2h9EtBuME8xb9yWbtXa3qyU=s128-c0x00000000-cc-rp-mo-ba6</profile_photo_url>
   <relative_time_description>7 months ago</relative_time_description>
  </review>
  <opening_hours>
   <open_now>false</open_now>
   <period>
    <open>
     <day>1</day>
     <time>0900</time>
    </open>
    <close>
     <day>1</day>
     <time>1700</time>
    </close>
   </period>
   <period>
    <open>
     <day>2</day>
     <time>0900</time>
    </open>
    <close>
     <day>2</day>
     <time>1700</time>
    </close>
   </period>
   <period>
    <open>
     <day>3</day>
     <time>0900</time>
    </open>
    <close>
     <day>3</day>
     <time>1700</time>
    </close>
   </period>
   <period>
    <open>
     <day>4</day>
     <time>0900</time>
    </open>
    <close>
     <day>4</day>
     <time>1700</time>
    </close>
   </period>
   <period>
    <open>
     <day>5</day>
     <time>0900</time>
    </open>
    <close>
     <day>5</day>
     <time>1700</time>
    </close>
   </period>
   <weekday_text>Monday: 9:00 AM – 5:00 PM</weekday_text>
   <weekday_text>Tuesday: 9:00 AM – 5:00 PM</weekday_text>
   <weekday_text>Wednesday: 9:00 AM – 5:00 PM</weekday_text>
   <weekday_text>Thursday: 9:00 AM – 5:00 PM</weekday_text>
   <weekday_text>Friday: 9:00 AM – 5:00 PM</weekday_text>
   <weekday_text>Saturday: Closed</weekday_text>
   <weekday_text>Sunday: Closed</weekday_text>
  </opening_hours>
  <utc_offset>600</utc_offset>
  <photo>
   <photo_reference>Aap_uEDy13J3fReVRF19dWR4G2yDxGPGqSMoZihUYGNSP__EA5UNDiE4cLGtsApe5S2wyLNQM7aOrRvRDLYYWJp4GJkzAKGtrexy3t8aW5lAzNWzYE58No7LiDW1J3NWDVlD_bdABX91k_olX2Rd1ig55cSF7q-Hz-D4NotfAskz0A18_LnD</photo_reference>
   <width>4032</width>
   <height>3024</height>
   <html_attribution>&lt;a href=&quot;https://maps.google.com/maps/contrib/105067373811767106297&quot;&gt;Shaun Craig&lt;/a&gt;</html_attribution>
  </photo>
  <photo>
   <photo_reference>Aap_uED7UAPIUsK8iKTEubXuc2qSsY7ltiExd4lJfuDonWa74IlE-WOE86TKXiNxyqgZabsiConOPyojinH5NSt8dcXFBqRlWmFYQqAsovzTlSIV6XnFNzAMP-pFUQymzObn2rjYFI6hVQ1IrfR1K1RRTueG_eli_ZPddOqw40SX0BFbpJN3</photo_reference>
   <width>4912</width>
   <height>3264</height>
   <html_attribution>&lt;a href=&quot;https://maps.google.com/maps/contrib/102493344958625549078&quot;&gt;Heyang Li&lt;/a&gt;</html_attribution>
  </photo>
  <photo>
   <photo_reference>Aap_uEDaehd1zT08YeLN3TQsRvdWaON0RCJDg6uGxalgXzoxan0vH6jaJvGR8_0uaFYDhcvLIRaEYIITjkAAGxSIxSi3waZLom4LI2mBdWsz0tUyeKetyp4uIP56uNJ5_eYOLGWyxEVNZfF_WmAGJHzCpgRkOSqzlSpS4md0MTHpq7WY0yLA</photo_reference>
   <width>3264</width>
   <height>1836</height>
   <html_attribution>&lt;a href=&quot;https://maps.google.com/maps/contrib/116807455538142476628&quot;&gt;Anand Ema&lt;/a&gt;</html_attribution>
  </photo>
  <photo>
   <photo_reference>Aap_uED3vye5RuHwUvyHWeoOtRayA8ELNSGlGoJ3ULNPT9v7jT8JskiZ0y0qb9ccRsFUR0Dp_6ExOYyiastGmVXAAngecMRJeBOOyTbD-bdChHvrvvz_cLmMPRBA9SnRYOYOk4f9BsdfinPVy0aJ-U7BMPWCtqgvyWF7ctjpYAK-Hd-cBtgd</photo_reference>
   <width>4032</width>
   <height>3024</height>
   <html_attribution>&lt;a href=&quot;https://maps.google.com/maps/contrib/115886271727815775491&quot;&gt;Anthony Huynh&lt;/a&gt;</html_attribution>
  </photo>
  <photo>
   <photo_reference>Aap_uEAuyaM-w1rkfqrmxZCNyAmNsoF0wM4KzqMnlGtt4md3KUoGGl-I2B2CAi0Wc3znXKkY59wU-K8TlMtWo2RBGEn6kbqIProGEPMCQkmUHIg2cGtilbmsWUPyQTbdivD6es_A4pfag-92-oYWWpv2GSdZN56USLyY8esudJ5bqSFcdc2V</photo_reference>
   <width>4032</width>
   <height>3024</height>
   <html_attribution>&lt;a href=&quot;https://maps.google.com/maps/contrib/102939237947063969663&quot;&gt;Jasen Baker&lt;/a&gt;</html_attribution>
  </photo>
  <photo>
   <photo_reference>Aap_uEDVYP4CpSUKIa-AXTKaJujQwJLWmbBTvTf_B7uGeNzGCj5iyMVtZF76Si79yRdWEERYQuecYthNyEXoEyIukXPZWFc39IYhS4onuu_NVHtil4-z12Z01qtb9zGtrUnwDhpSpdRV2gI7vfDqHborVy5292j6VPba8F00DXrk1Ee8fJdL</photo_reference>
   <width>4032</width>
   <height>3024</height>
   <html_attribution>&lt;a href=&quot;https://maps.google.com/maps/contrib/100678816592586275978&quot;&gt;Jeremy Hsiao&lt;/a&gt;</html_attribution>
  </photo>
  <photo>
   <photo_reference>Aap_uEC3y7ZmI6Jc6ornsd93LQiBBxJrEBqKenOp2YhN-1ebQWF1tlr4YpWk69ysi2689QNaD-guDxazV1fgzvCVjGCIaght8GfMlIK1x-u48ZIz9v8Pf9028UKuRIuof9MnHkXKD20Ko7x-hXgjUnLyuNPtfpeifaY-Iad1EB43tB2A1sv_</photo_reference>
   <width>4032</width>
   <height>3024</height>
   <html_attribution>&lt;a href=&quot;https://maps.google.com/maps/contrib/100678816592586275978&quot;&gt;Jeremy Hsiao&lt;/a&gt;</html_attribution>
  </photo>
  <photo>
   <photo_reference>Aap_uEDJu5W77MfzAcyZKiFWz3EqJpeO9iBf9ci565rCEUcPtN_TOsH0N9p_TtdQ2hsEjmcWx9cLa1Y0GeBmzjOTKsd7V382gahS8QhTUTZKedI0y7tJYvmLFdbimV_aYbESml0AysAPS8C96cjgj_huGOhEH5P4fXn0XFPtFJdjNMs6cWDi</photo_reference>
   <width>4048</width>
   <height>3036</height>
   <html_attribution>&lt;a href=&quot;https://maps.google.com/maps/contrib/100482974853389838438&quot;&gt;Mark Vozzo&lt;/a&gt;</html_attribution>
  </photo>
  <photo>
   <photo_reference>Aap_uEAdS7sr5v3MquwtkZDqjKVro50wdbZCMSvtm9Kc2wwD2RNvA8GorfwEEq84x1uhpAl2S18rRkA1T5LAyqAK1g2S8xsnHN101YEDfBNDYQG8Pa75AAXuwshyargh1R-WUBKq96oUJw74Ypr2g61eDQJBji4tr-azUXfnUEimtR36jgZ0</photo_reference>
   <width>750</width>
   <height>498</height>
   <html_attribution>&lt;a href=&quot;https://maps.google.com/maps/contrib/103245129386449712319&quot;&gt;Simon TestOne&lt;/a&gt;</html_attribution>
  </photo>
  <photo>
   <photo_reference>Aap_uECZBujsHRDVCCSVMIhj2z0rfbYSxIh8pksFrkcs_iLd85SqaAFnS_Mi9A9xyzmGXVYpRZnfNyCVeBkDE63So3MLe1qh2O68Vvse_qFgdgQUwY0yR8_X9K_Awcwxk-9mFNVqo-BiZotbPd03SErQGNepjUX3jLr31lZKaLr5jEqwUUTv</photo_reference>
   <width>4032</width>
   <height>3024</height>
   <html_attribution>&lt;a href=&quot;https://maps.google.com/maps/contrib/104578111747260232633&quot;&gt;Raymond LAM&lt;/a&gt;</html_attribution>
  </photo>
  <adr_address>&lt;span class=&quot;street-address&quot;&gt;48 Pirrama Rd&lt;/span&gt;, &lt;span class=&quot;locality&quot;&gt;Pyrmont&lt;/span&gt; &lt;span class=&quot;region&quot;&gt;NSW&lt;/span&gt; &lt;span class=&quot;postal-code&quot;&gt;2009&lt;/span&gt;, &lt;span class=&quot;country-name&quot;&gt;Australia&lt;/span&gt;</adr_address>
  <user_ratings_total>932</user_ratings_total>
  <place_id>ChIJN1t_tDeuEmsRUsoyG83frY4</place_id>
  <plus_code>
   <global_code>4RRH45MW+C8</global_code>
   <compound_code>45MW+C8 Pyrmont NSW, Australia</compound_code>
  </plus_code>
  <icon_background_color>#7B9EB0</icon_background_color>
  <business_status>OPERATIONAL</business_status>
  <icon_mask_base_uri>https://maps.gstatic.com/mapfiles/place_api/icons/v1/png_71/generic_pinlet</icon_mask_base_uri>
 </result>
</PlaceDetailsResponse>
<!-- [END maps_http_places_details_response] -->
