<?xml version="1.0" encoding="UTF-8"?>
<!-- [START maps_http_places_findplacefromtext_locationbias_response] -->
<FindPlaceFromTextResponse>
 <candidates>
  <name>Mongolia</name>
  <formatted_address>Mongolia</formatted_address>
  <geometry>
   <location>
    <lat>46.8624960</lat>
    <lng>103.8466560</lng>
   </location>
   <viewport>
    <southwest>
     <lat>41.5818330</lat>
     <lng>87.7344789</lng>
    </southwest>
    <northeast>
     <lat>52.1483550</lat>
     <lng>119.9315098</lng>
    </northeast>
   </viewport>
  </geometry>
 </candidates>
 <status>OK</status>
</FindPlaceFromTextResponse>
<!-- [END maps_http_places_findplacefromtext_locationbias_response] -->
