<?xml version="1.0" encoding="UTF-8"?>
<!-- [START maps_http_places_queryautocomplete_pizza_response] -->
<AutocompletionResponse>
 <status>OK</status>
 <prediction>
  <description>pizza near Paris, France</description>
  <term>
   <value>pizza</value>
   <offset>0</offset>
  </term>
  <term>
   <value>near</value>
   <offset>6</offset>
  </term>
  <term>
   <value>Paris</value>
   <offset>11</offset>
  </term>
  <term>
   <value>France</value>
   <offset>18</offset>
  </term>
  <matched_substring>
   <offset>0</offset>
   <length>5</length>
  </matched_substring>
  <matched_substring>
   <offset>11</offset>
   <length>3</length>
  </matched_substring>
  <structured_formatting>
   <description>pizza</description>
   <subdescription>near Paris, France</subdescription>
   <description_matched_substring>
    <offset>0</offset>
    <length>5</length>
   </description_matched_substring>
   <subdescription_matched_substring>
    <offset>5</offset>
    <length>3</length>
   </subdescription_matched_substring>
  </structured_formatting>
 </prediction>
 <prediction>
  <description>pizza near Parma, Province of Parma, Italy</description>
  <term>
   <value>pizza</value>
   <offset>0</offset>
  </term>
  <term>
   <value>near</value>
   <offset>6</offset>
  </term>
  <term>
   <value>Parma</value>
   <offset>11</offset>
  </term>
  <term>
   <value>Province of Parma</value>
   <offset>18</offset>
  </term>
  <term>
   <value>Italy</value>
   <offset>37</offset>
  </term>
  <matched_substring>
   <offset>0</offset>
   <length>5</length>
  </matched_substring>
  <matched_substring>
   <offset>11</offset>
   <length>3</length>
  </matched_substring>
  <structured_formatting>
   <description>pizza</description>
   <subdescription>near Parma, Province of Parma, Italy</subdescription>
   <description_matched_substring>
    <offset>0</offset>
    <length>5</length>
   </description_matched_substring>
   <subdescription_matched_substring>
    <offset>5</offset>
    <length>3</length>
   </subdescription_matched_substring>
  </structured_formatting>
 </prediction>
 <prediction>
  <description>pizza near Park City, UT, USA</description>
  <term>
   <value>pizza</value>
   <offset>0</offset>
  </term>
  <term>
   <value>near</value>
   <offset>6</offset>
  </term>
  <term>
   <value>Park City</value>
   <offset>11</offset>
  </term>
  <term>
   <value>UT</value>
   <offset>22</offset>
  </term>
  <term>
   <value>USA</value>
   <offset>26</offset>
  </term>
  <matched_substring>
   <offset>0</offset>
   <length>5</length>
  </matched_substring>
  <matched_substring>
   <offset>11</offset>
   <length>3</length>
  </matched_substring>
  <structured_formatting>
   <description>pizza</description>
   <subdescription>near Park City, UT, USA</subdescription>
   <description_matched_substring>
    <offset>0</offset>
    <length>5</length>
   </description_matched_substring>
   <subdescription_matched_substring>
    <offset>5</offset>
    <length>3</length>
   </subdescription_matched_substring>
  </structured_formatting>
 </prediction>
 <prediction>
  <description>pizza near Parga, Greece</description>
  <term>
   <value>pizza</value>
   <offset>0</offset>
  </term>
  <term>
   <value>near</value>
   <offset>6</offset>
  </term>
  <term>
   <value>Parga</value>
   <offset>11</offset>
  </term>
  <term>
   <value>Greece</value>
   <offset>18</offset>
  </term>
  <matched_substring>
   <offset>0</offset>
   <length>5</length>
  </matched_substring>
  <matched_substring>
   <offset>11</offset>
   <length>3</length>
  </matched_substring>
  <structured_formatting>
   <description>pizza</description>
   <subdescription>near Parga, Greece</subdescription>
   <description_matched_substring>
    <offset>0</offset>
    <length>5</length>
   </description_matched_substring>
   <subdescription_matched_substring>
    <offset>5</offset>
    <length>3</length>
   </subdescription_matched_substring>
  </structured_formatting>
 </prediction>
 <prediction>
  <description>pizza near Paraty, State of Rio de Janeiro, Brazil</description>
  <term>
   <value>pizza</value>
   <offset>0</offset>
  </term>
  <term>
   <value>near</value>
   <offset>6</offset>
  </term>
  <term>
   <value>Paraty</value>
   <offset>11</offset>
  </term>
  <term>
   <value>State of Rio de Janeiro</value>
   <offset>19</offset>
  </term>
  <term>
   <value>Brazil</value>
   <offset>44</offset>
  </term>
  <matched_substring>
   <offset>0</offset>
   <length>5</length>
  </matched_substring>
  <matched_substring>
   <offset>11</offset>
   <length>3</length>
  </matched_substring>
  <structured_formatting>
   <description>pizza</description>
   <subdescription>near Paraty, State of Rio de Janeiro, Brazil</subdescription>
   <description_matched_substring>
    <offset>0</offset>
    <length>5</length>
   </description_matched_substring>
   <subdescription_matched_substring>
    <offset>5</offset>
    <length>3</length>
   </subdescription_matched_substring>
  </structured_formatting>
 </prediction>
</AutocompletionResponse>
<!-- [END maps_http_places_queryautocomplete_pizza_response] -->
