<?xml version="1.0" encoding="UTF-8"?>
<!-- [START maps_http_elevation_path_response] -->
<ElevationResponse>
 <status>OK</status>
 <result>
  <location>
   <lat>36.5785810</lat>
   <lng>-118.2919940</lng>
  </location>
  <elevation>4411.9418945</elevation>
  <resolution>19.0879040</resolution>
 </result>
 <result>
  <location>
   <lat>36.4115029</lat>
   <lng>-117.5602608</lng>
  </location>
  <elevation>1372.8359375</elevation>
  <resolution>9.5439520</resolution>
 </result>
 <result>
  <location>
   <lat>36.2399800</lat>
   <lng>-116.8317100</lng>
  </location>
  <elevation>-84.5169067</elevation>
  <resolution>9.5439520</resolution>
 </result>
</ElevationResponse>
<!-- [END maps_http_elevation_path_response] -->
